game_id,season,week,posteam,defteam,drives,fg_range_drives,stalls,off_tds
2022_01_BAL_NYJ,2022,1,BAL,NYJ,13,7,4,3
2022_01_BAL_NYJ,2022,1,NYJ,BAL,12,8,7,1
2022_01_BUF_LA,2022,1,BUF,LA,10,8,4,4
2022_01_BUF_LA,2022,1,LA,BUF,10,8,7,1
2022_01_CLE_CAR,2022,1,CAR,CLE,12,9,6,3
2022_01_CLE_CAR,2022,1,CLE,CAR,11,7,5,2
2022_01_DEN_SEA,2022,1,DEN,SEA,8,6,5,1
2022_01_DEN_SEA,2022,1,SEA,DEN,8,5,3,2
2022_01_GB_MIN,2022,1,GB,MIN,11,7,6,1
2022_01_GB_MIN,2022,1,MIN,GB,10,6,4,2
2022_01_IND_HOU,2022,1,HOU,IND,14,9,7,2
2022_01_IND_HOU,2022,1,IND,HOU,13,11,9,2
2022_01_JAX_WAS,2022,1,JAX,WAS,11,11,9,2
2022_01_JAX_WAS,2022,1,WAS,JAX,12,8,4,4
2022_01_KC_ARI,2022,1,ARI,KC,11,9,6,3
2022_01_KC_ARI,2022,1,KC,ARI,10,7,1,6
2022_01_LV_LAC,2022,1,LAC,LV,11,10,7,3
2022_01_LV_LAC,2022,1,LV,LAC,11,6,4,2
2022_01_NE_MIA,2022,1,MIA,NE,9,7,6,1
2022_01_NE_MIA,2022,1,NE,MIA,9,6,5,1
2022_01_NO_ATL,2022,1,ATL,NO,13,11,9,2
2022_01_NO_ATL,2022,1,NO,ATL,12,10,7,3
2022_01_NYG_TEN,2022,1,NYG,TEN,12,9,6,3
2022_01_NYG_TEN,2022,1,TEN,NYG,11,7,5,2
2022_01_PHI_DET,2022,1,DET,PHI,11,8,3,5
2022_01_PHI_DET,2022,1,PHI,DET,11,9,5,4
2022_01_PIT_CIN,2022,1,CIN,PIT,15,10,8,2
2022_01_PIT_CIN,2022,1,PIT,CIN,16,11,10,1
2022_01_SF_CHI,2022,1,CHI,SF,11,7,4,3
2022_01_SF_CHI,2022,1,SF,CHI,11,7,6,1
2022_01_TB_DAL,2022,1,DAL,TB,11,7,7,0
2022_01_TB_DAL,2022,1,TB,DAL,11,7,6,1
2022_02_ARI_LV,2022,2,ARI,LV,9,9,6,3
2022_02_ARI_LV,2022,2,LV,ARI,9,5,3,2
2022_02_ATL_LA,2022,2,ATL,LA,11,10,8,2
2022_02_ATL_LA,2022,2,LA,ATL,11,8,4,4
2022_02_CAR_NYG,2022,2,CAR,NYG,11,8,7,1
2022_02_CAR_NYG,2022,2,NYG,CAR,12,8,7,1
2022_02_CHI_GB,2022,2,CHI,GB,9,8,7,1
2022_02_CHI_GB,2022,2,GB,CHI,9,8,5,3
2022_02_CIN_DAL,2022,2,CIN,DAL,10,6,5,1
2022_02_CIN_DAL,2022,2,DAL,CIN,10,6,4,2
2022_02_HOU_DEN,2022,2,DEN,HOU,11,9,8,1
2022_02_HOU_DEN,2022,2,HOU,DEN,11,7,7,0
2022_02_IND_JAX,2022,2,IND,JAX,11,6,6,0
2022_02_IND_JAX,2022,2,JAX,IND,11,6,3,3
2022_02_LAC_KC,2022,2,KC,LAC,12,8,6,2
2022_02_LAC_KC,2022,2,LAC,KC,12,8,5,3
2022_02_MIA_BAL,2022,2,BAL,MIA,11,11,6,5
2022_02_MIA_BAL,2022,2,MIA,BAL,11,10,4,6
2022_02_MIN_PHI,2022,2,MIN,PHI,10,6,5,1
2022_02_MIN_PHI,2022,2,PHI,MIN,10,6,3,3
2022_02_NE_PIT,2022,2,NE,PIT,10,8,6,2
2022_02_NE_PIT,2022,2,PIT,NE,9,6,5,1
2022_02_NYJ_CLE,2022,2,CLE,NYJ,11,9,4,5
2022_02_NYJ_CLE,2022,2,NYJ,CLE,11,9,5,4
2022_02_SEA_SF,2022,2,SEA,SF,10,8,8,0
2022_02_SEA_SF,2022,2,SF,SEA,10,7,4,3
2022_02_TB_NO,2022,2,NO,TB,13,5,4,1
2022_02_TB_NO,2022,2,TB,NO,14,9,8,1
2022_02_TEN_BUF,2022,2,BUF,TEN,12,9,5,4
2022_02_TEN_BUF,2022,2,TEN,BUF,11,9,8,1
2022_02_WAS_DET,2022,2,DET,WAS,14,11,7,4
2022_02_WAS_DET,2022,2,WAS,DET,14,8,4,4
2022_03_ATL_SEA,2022,3,ATL,SEA,9,8,5,3
2022_03_ATL_SEA,2022,3,SEA,ATL,8,8,6,2
2022_03_BAL_NE,2022,3,BAL,NE,12,8,3,5
2022_03_BAL_NE,2022,3,NE,BAL,12,10,7,3
2022_03_BUF_MIA,2022,3,BUF,MIA,9,8,6,2
2022_03_BUF_MIA,2022,3,MIA,BUF,8,6,3,3
2022_03_CIN_NYJ,2022,3,CIN,NYJ,12,9,6,3
2022_03_CIN_NYJ,2022,3,NYJ,CIN,12,11,11,0
2022_03_DAL_NYG,2022,3,DAL,NYG,11,9,7,2
2022_03_DAL_NYG,2022,3,NYG,DAL,10,8,7,1
2022_03_DET_MIN,2022,3,DET,MIN,12,9,6,3
2022_03_DET_MIN,2022,3,MIN,DET,13,8,4,4
2022_03_GB_TB,2022,3,GB,TB,12,6,4,2
2022_03_GB_TB,2022,3,TB,GB,12,5,4,1
2022_03_HOU_CHI,2022,3,CHI,HOU,12,7,5,2
2022_03_HOU_CHI,2022,3,HOU,CHI,11,8,6,2
2022_03_JAX_LAC,2022,3,JAX,LAC,11,8,4,4
2022_03_JAX_LAC,2022,3,LAC,JAX,10,8,7,1
2022_03_KC_IND,2022,3,IND,KC,11,7,5,2
2022_03_KC_IND,2022,3,KC,IND,10,8,6,2
2022_03_LA_ARI,2022,3,ARI,LA,9,9,9,0
2022_03_LA_ARI,2022,3,LA,ARI,10,9,7,2
2022_03_LV_TEN,2022,3,LV,TEN,9,8,6,2
2022_03_LV_TEN,2022,3,TEN,LV,10,7,4,3
2022_03_NO_CAR,2022,3,CAR,NO,14,7,6,1
2022_03_NO_CAR,2022,3,NO,CAR,13,9,7,2
2022_03_PHI_WAS,2022,3,PHI,WAS,13,7,4,3
2022_03_PHI_WAS,2022,3,WAS,PHI,12,7,6,1
2022_03_PIT_CLE,2022,3,CLE,PIT,11,7,4,3
2022_03_PIT_CLE,2022,3,PIT,CLE,11,7,5,2
2022_03_SF_DEN,2022,3,DEN,SF,14,7,6,1
2022_03_SF_DEN,2022,3,SF,DEN,14,5,4,1
2022_04_ARI_CAR,2022,4,ARI,CAR,12,9,6,3
2022_04_ARI_CAR,2022,4,CAR,ARI,12,8,7,1
2022_04_BUF_BAL,2022,4,BAL,BUF,11,9,7,2
2022_04_BUF_BAL,2022,4,BUF,BAL,10,9,7,2
2022_04_CHI_NYG,2022,4,CHI,NYG,12,8,8,0
2022_04_CHI_NYG,2022,4,NYG,CHI,12,9,7,2
2022_04_CLE_ATL,2022,4,ATL,CLE,11,8,6,2
2022_04_CLE_ATL,2022,4,CLE,ATL,10,8,6,2
2022_04_DEN_LV,2022,4,DEN,LV,11,8,5,3
2022_04_DEN_LV,2022,4,LV,DEN,12,9,7,2
2022_04_JAX_PHI,2022,4,JAX,PHI,12,10,8,2
2022_04_JAX_PHI,2022,4,PHI,JAX,12,10,6,4
2022_04_KC_TB,2022,4,KC,TB,11,10,5,5
2022_04_KC_TB,2022,4,TB,KC,11,9,4,5
2022_04_LAC_HOU,2022,4,HOU,LAC,12,10,7,3
2022_04_LAC_HOU,2022,4,LAC,HOU,12,10,6,4
2022_04_LA_SF,2022,4,LA,SF,10,7,7,0
2022_04_LA_SF,2022,4,SF,LA,10,6,4,2
2022_04_MIA_CIN,2022,4,CIN,MIA,12,9,6,3
2022_04_MIA_CIN,2022,4,MIA,CIN,11,9,8,1
2022_04_MIN_NO,2022,4,MIN,NO,11,8,6,2
2022_04_MIN_NO,2022,4,NO,MIN,10,8,5,3
2022_04_NE_GB,2022,4,GB,NE,14,8,5,3
2022_04_NE_GB,2022,4,NE,GB,12,8,6,2
2022_04_NYJ_PIT,2022,4,NYJ,PIT,11,8,5,3
2022_04_NYJ_PIT,2022,4,PIT,NYJ,12,7,5,2
2022_04_SEA_DET,2022,4,DET,SEA,11,11,5,6
2022_04_SEA_DET,2022,4,SEA,DET,10,10,5,5
2022_04_TEN_IND,2022,4,IND,TEN,9,9,7,2
2022_04_TEN_IND,2022,4,TEN,IND,10,7,4,3
2022_04_WAS_DAL,2022,4,DAL,WAS,13,6,4,2
2022_04_WAS_DAL,2022,4,WAS,DAL,13,9,8,1
2022_05_ATL_TB,2022,5,ATL,TB,9,6,4,2
2022_05_ATL_TB,2022,5,TB,ATL,10,8,6,2
2022_05_CHI_MIN,2022,5,CHI,MIN,8,8,6,2
2022_05_CHI_MIN,2022,5,MIN,CHI,9,7,3,4
2022_05_CIN_BAL,2022,5,BAL,CIN,10,7,6,1
2022_05_CIN_BAL,2022,5,CIN,BAL,9,7,5,2
2022_05_DAL_LA,2022,5,DAL,LA,13,6,5,1
2022_05_DAL_LA,2022,5,LA,DAL,12,9,8,1
2022_05_DET_NE,2022,5,DET,NE,10,9,9,0
2022_05_DET_NE,2022,5,NE,DET,10,7,6,1
2022_05_HOU_JAX,2022,5,HOU,JAX,10,5,4,1
2022_05_HOU_JAX,2022,5,JAX,HOU,10,5,5,0
2022_05_IND_DEN,2022,5,DEN,IND,14,10,10,0
2022_05_IND_DEN,2022,5,IND,DEN,13,8,8,0
2022_05_LAC_CLE,2022,5,CLE,LAC,10,9,5,4
2022_05_LAC_CLE,2022,5,LAC,CLE,11,8,5,3
2022_05_LV_KC,2022,5,KC,LV,10,8,4,4
2022_05_LV_KC,2022,5,LV,KC,9,8,5,3
2022_05_MIA_NYJ,2022,5,MIA,NYJ,12,6,4,2
2022_05_MIA_NYJ,2022,5,NYJ,MIA,13,11,6,5
2022_05_NYG_GB,2022,5,GB,NYG,9,8,6,2
2022_05_NYG_GB,2022,5,NYG,GB,8,6,3,3
2022_05_PHI_ARI,2022,5,ARI,PHI,9,8,6,2
2022_05_PHI_ARI,2022,5,PHI,ARI,9,5,3,2
2022_05_PIT_BUF,2022,5,BUF,PIT,13,9,4,5
2022_05_PIT_BUF,2022,5,PIT,BUF,12,10,10,0
2022_05_SEA_NO,2022,5,NO,SEA,14,11,6,5
2022_05_SEA_NO,2022,5,SEA,NO,13,10,6,4
2022_05_SF_CAR,2022,5,CAR,SF,11,8,7,1
2022_05_SF_CAR,2022,5,SF,CAR,12,9,5,4
2022_05_TEN_WAS,2022,5,TEN,WAS,12,7,4,3
2022_05_TEN_WAS,2022,5,WAS,TEN,12,7,5,2
2022_06_ARI_SEA,2022,6,ARI,SEA,12,7,7,0
2022_06_ARI_SEA,2022,6,SEA,ARI,12,6,5,1
2022_06_BAL_NYG,2022,6,BAL,NYG,9,8,6,2
2022_06_BAL_NYG,2022,6,NYG,BAL,10,7,4,3
2022_06_BUF_KC,2022,6,BUF,KC,10,9,6,3
2022_06_BUF_KC,2022,6,KC,BUF,10,7,5,2
2022_06_CAR_LA,2022,6,CAR,LA,11,7,7,0
2022_06_CAR_LA,2022,6,LA,CAR,11,7,4,3
2022_06_CIN_NO,2022,6,CIN,NO,10,9,5,4
2022_06_CIN_NO,2022,6,NO,CIN,10,8,6,2
2022_06_DAL_PHI,2022,6,DAL,PHI,10,8,6,2
2022_06_DAL_PHI,2022,6,PHI,DAL,11,10,7,3
2022_06_DEN_LAC,2022,6,DEN,LAC,11,9,8,1
2022_06_DEN_LAC,2022,6,LAC,DEN,12,8,7,1
2022_06_JAX_IND,2022,6,IND,JAX,10,8,4,4
2022_06_JAX_IND,2022,6,JAX,IND,10,9,5,4
2022_06_MIN_MIA,2022,6,MIA,MIN,14,8,6,2
2022_06_MIN_MIA,2022,6,MIN,MIA,15,8,5,3
2022_06_NE_CLE,2022,6,CLE,NE,12,10,9,1
2022_06_NE_CLE,2022,6,NE,CLE,14,10,5,5
2022_06_NYJ_GB,2022,6,GB,NYJ,13,9,8,1
2022_06_NYJ_GB,2022,6,NYJ,GB,13,8,6,2
2022_06_SF_ATL,2022,6,ATL,SF,9,5,2,3
2022_06_SF_ATL,2022,6,SF,ATL,10,7,5,2
2022_06_TB_PIT,2022,6,PIT,TB,10,7,5,2
2022_06_TB_PIT,2022,6,TB,PIT,10,6,5,1
2022_06_WAS_CHI,2022,6,CHI,WAS,10,8,7,1
2022_06_WAS_CHI,2022,6,WAS,CHI,11,5,4,1
2022_07_ATL_CIN,2022,7,ATL,CIN,9,7,5,2
2022_07_ATL_CIN,2022,7,CIN,ATL,9,8,3,5
2022_07_CHI_NE,2022,7,CHI,NE,11,9,6,3
2022_07_CHI_NE,2022,7,NE,CHI,11,9,7,2
2022_07_CLE_BAL,2022,7,BAL,CLE,11,8,6,2
2022_07_CLE_BAL,2022,7,CLE,BAL,10,7,5,2
2022_07_DET_DAL,2022,7,DAL,DET,11,8,5,3
2022_07_DET_DAL,2022,7,DET,DAL,11,7,7,0
2022_07_GB_WAS,2022,7,GB,WAS,11,8,6,2
2022_07_GB_WAS,2022,7,WAS,GB,11,8,6,2
2022_07_HOU_LV,2022,7,HOU,LV,9,8,6,2
2022_07_HOU_LV,2022,7,LV,HOU,9,7,3,4
2022_07_IND_TEN,2022,7,IND,TEN,10,9,8,1
2022_07_IND_TEN,2022,7,TEN,IND,11,7,7,0
2022_07_KC_SF,2022,7,KC,SF,10,8,2,6
2022_07_KC_SF,2022,7,SF,KC,11,10,8,2
2022_07_NO_ARI,2022,7,ARI,NO,12,11,8,3
2022_07_NO_ARI,2022,7,NO,ARI,12,11,7,4
2022_07_NYG_JAX,2022,7,JAX,NYG,9,8,6,2
2022_07_NYG_JAX,2022,7,NYG,JAX,8,7,5,2
2022_07_NYJ_DEN,2022,7,DEN,NYJ,12,5,4,1
2022_07_NYJ_DEN,2022,7,NYJ,DEN,13,6,5,1
2022_07_PIT_MIA,2022,7,MIA,PIT,12,6,5,1
2022_07_PIT_MIA,2022,7,PIT,MIA,12,8,7,1
2022_07_SEA_LAC,2022,7,LAC,SEA,12,11,8,3
2022_07_SEA_LAC,2022,7,SEA,LAC,13,11,7,4
2022_07_TB_CAR,2022,7,CAR,TB,10,6,3,3
2022_07_TB_CAR,2022,7,TB,CAR,11,5,5,0
2022_08_ARI_MIN,2022,8,ARI,MIN,12,9,6,3
2022_08_ARI_MIN,2022,8,MIN,ARI,13,9,4,5
2022_08_BAL_TB,2022,8,BAL,TB,12,10,7,3
2022_08_BAL_TB,2022,8,TB,BAL,10,7,5,2
2022_08_CAR_ATL,2022,8,ATL,CAR,14,13,10,3
2022_08_CAR_ATL,2022,8,CAR,ATL,13,9,5,4
2022_08_CHI_DAL,2022,8,CHI,DAL,11,10,6,4
2022_08_CHI_DAL,2022,8,DAL,CHI,11,8,2,6
2022_08_CIN_CLE,2022,8,CIN,CLE,10,6,4,2
2022_08_CIN_CLE,2022,8,CLE,CIN,11,8,4,4
2022_08_DEN_JAX,2022,8,DEN,JAX,12,6,3,3
2022_08_DEN_JAX,2022,8,JAX,DEN,11,7,5,2
2022_08_GB_BUF,2022,8,BUF,GB,10,8,5,3
2022_08_GB_BUF,2022,8,GB,BUF,9,6,4,2
2022_08_LV_NO,2022,8,LV,NO,9,6,6,0
2022_08_LV_NO,2022,8,NO,LV,8,6,3,3
2022_08_MIA_DET,2022,8,DET,MIA,8,8,5,3
2022_08_MIA_DET,2022,8,MIA,DET,8,7,3,4
2022_08_NE_NYJ,2022,8,NE,NYJ,13,10,9,1
2022_08_NE_NYJ,2022,8,NYJ,NE,12,8,6,2
2022_08_NYG_SEA,2022,8,NYG,SEA,11,7,6,1
2022_08_NYG_SEA,2022,8,SEA,NYG,13,7,4,3
2022_08_PIT_PHI,2022,8,PHI,PIT,10,7,2,5
2022_08_PIT_PHI,2022,8,PIT,PHI,10,7,6,1
2022_08_SF_LA,2022,8,LA,SF,9,7,5,2
2022_08_SF_LA,2022,8,SF,LA,8,6,2,4
2022_08_TEN_HOU,2022,8,HOU,TEN,12,7,6,1
2022_08_TEN_HOU,2022,8,TEN,HOU,11,6,4,2
2022_08_WAS_IND,2022,8,IND,WAS,12,10,9,1
2022_08_WAS_IND,2022,8,WAS,IND,11,6,4,2
2022_09_BAL_NO,2022,9,BAL,NO,9,7,4,3
2022_09_BAL_NO,2022,9,NO,BAL,10,6,5,1
2022_09_BUF_NYJ,2022,9,BUF,NYJ,9,7,5,2
2022_09_BUF_NYJ,2022,9,NYJ,BUF,9,7,5,2
2022_09_CAR_CIN,2022,9,CAR,CIN,11,9,6,3
2022_09_CAR_CIN,2022,9,CIN,CAR,11,8,2,6
2022_09_GB_DET,2022,9,DET,GB,9,4,2,2
2022_09_GB_DET,2022,9,GB,DET,9,8,7,1
2022_09_IND_NE,2022,9,IND,NE,15,9,9,0
2022_09_IND_NE,2022,9,NE,IND,15,7,6,1
2022_09_LAC_ATL,2022,9,ATL,LAC,10,8,6,2
2022_09_LAC_ATL,2022,9,LAC,ATL,10,9,7,2
2022_09_LA_TB,2022,9,LA,TB,14,8,7,1
2022_09_LA_TB,2022,9,TB,LA,13,10,9,1
2022_09_LV_JAX,2022,9,JAX,LV,11,9,6,3
2022_09_LV_JAX,2022,9,LV,JAX,10,6,4,2
2022_09_MIA_CHI,2022,9,CHI,MIA,10,7,3,4
2022_09_MIA_CHI,2022,9,MIA,CHI,10,8,4,4
2022_09_MIN_WAS,2022,9,MIN,WAS,11,6,4,2
2022_09_MIN_WAS,2022,9,WAS,MIN,12,7,5,2
2022_09_PHI_HOU,2022,9,HOU,PHI,9,6,4,2
2022_09_PHI_HOU,2022,9,PHI,HOU,10,7,3,4
2022_09_SEA_ARI,2022,9,ARI,SEA,11,7,5,2
2022_09_SEA_ARI,2022,9,SEA,ARI,12,7,3,4
2022_09_TEN_KC,2022,9,KC,TEN,14,7,5,2
2022_09_TEN_KC,2022,9,TEN,KC,13,7,5,2
2022_10_ARI_LA,2022,10,ARI,LA,11,8,5,3
2022_10_ARI_LA,2022,10,LA,ARI,11,7,5,2
2022_10_ATL_CAR,2022,10,ATL,CAR,12,10,8,2
2022_10_ATL_CAR,2022,10,CAR,ATL,11,9,7,2
2022_10_CLE_MIA,2022,10,CLE,MIA,9,8,6,2
2022_10_CLE_MIA,2022,10,MIA,CLE,9,8,3,5
2022_10_DAL_GB,2022,10,DAL,GB,13,10,6,4
2022_10_DAL_GB,2022,10,GB,DAL,12,9,5,4
2022_10_DEN_TEN,2022,10,DEN,TEN,13,6,5,1
2022_10_DEN_TEN,2022,10,TEN,DEN,13,6,4,2
2022_10_DET_CHI,2022,10,CHI,DET,10,8,4,4
2022_10_DET_CHI,2022,10,DET,CHI,11,11,8,3
2022_10_HOU_NYG,2022,10,HOU,NYG,11,8,7,1
2022_10_HOU_NYG,2022,10,NYG,HOU,12,6,3,3
2022_10_IND_LV,2022,10,IND,LV,11,7,4,3
2022_10_IND_LV,2022,10,LV,IND,10,8,5,3
2022_10_JAX_KC,2022,10,JAX,KC,11,8,6,2
2022_10_JAX_KC,2022,10,KC,JAX,11,8,4,4
2022_10_LAC_SF,2022,10,LAC,SF,11,8,7,1
2022_10_LAC_SF,2022,10,SF,LAC,11,6,4,2
2022_10_MIN_BUF,2022,10,BUF,MIN,13,11,8,3
2022_10_MIN_BUF,2022,10,MIN,BUF,14,13,10,3
2022_10_NO_PIT,2022,10,NO,PIT,10,7,6,1
2022_10_NO_PIT,2022,10,PIT,NO,11,10,8,2
2022_10_SEA_TB,2022,10,SEA,TB,9,6,4,2
2022_10_SEA_TB,2022,10,TB,SEA,10,8,5,3
2022_10_WAS_PHI,2022,10,PHI,WAS,10,7,4,3
2022_10_WAS_PHI,2022,10,WAS,PHI,10,7,5,2
2022_11_CAR_BAL,2022,11,BAL,CAR,12,7,6,1
2022_11_CAR_BAL,2022,11,CAR,BAL,11,5,5,0
2022_11_CHI_ATL,2022,11,ATL,CHI,10,8,5,3
2022_11_CHI_ATL,2022,11,CHI,ATL,10,8,5,3
2022_11_CIN_PIT,2022,11,CIN,PIT,13,10,6,4
2022_11_CIN_PIT,2022,11,PIT,CIN,13,11,8,3
2022_11_CLE_BUF,2022,11,BUF,CLE,11,11,9,2
2022_11_CLE_BUF,2022,11,CLE,BUF,11,9,6,3
2022_11_DAL_MIN,2022,11,DAL,MIN,10,7,3,4
2022_11_DAL_MIN,2022,11,MIN,DAL,10,8,8,0
2022_11_DET_NYG,2022,11,DET,NYG,11,8,4,4
2022_11_DET_NYG,2022,11,NYG,DET,11,6,3,3
2022_11_KC_LAC,2022,11,KC,LAC,11,7,4,3
2022_11_KC_LAC,2022,11,LAC,KC,10,10,7,3
2022_11_LA_NO,2022,11,LA,NO,11,7,5,2
2022_11_LA_NO,2022,11,NO,LA,12,8,5,3
2022_11_LV_DEN,2022,11,DEN,LV,11,8,7,1
2022_11_LV_DEN,2022,11,LV,DEN,10,9,7,2
2022_11_NYJ_NE,2022,11,NE,NYJ,12,5,5,0
2022_11_NYJ_NE,2022,11,NYJ,NE,13,3,3,0
2022_11_PHI_IND,2022,11,IND,PHI,11,8,7,1
2022_11_PHI_IND,2022,11,PHI,IND,12,9,7,2
2022_11_SF_ARI,2022,11,ARI,SF,11,8,7,1
2022_11_SF_ARI,2022,11,SF,ARI,11,7,2,5
2022_11_TEN_GB,2022,11,GB,TEN,10,6,4,2
2022_11_TEN_GB,2022,11,TEN,GB,10,7,3,4
2022_11_WAS_HOU,2022,11,HOU,WAS,11,7,6,1
2022_11_WAS_HOU,2022,11,WAS,HOU,11,8,7,1
2022_12_ATL_WAS,2022,12,ATL,WAS,9,7,6,1
2022_12_ATL_WAS,2022,12,WAS,ATL,9,5,3,2
2022_12_BAL_JAX,2022,12,BAL,JAX,11,9,7,2
2022_12_BAL_JAX,2022,12,JAX,BAL,11,9,6,3
2022_12_BUF_DET,2022,12,BUF,DET,10,8,5,3
2022_12_BUF_DET,2022,12,DET,BUF,11,8,5,3
2022_12_CHI_NYJ,2022,12,CHI,NYJ,10,8,7,1
2022_12_CHI_NYJ,2022,12,NYJ,CHI,10,7,3,4
2022_12_CIN_TEN,2022,12,CIN,TEN,11,7,5,2
2022_12_CIN_TEN,2022,12,TEN,CIN,10,6,5,1
2022_12_DEN_CAR,2022,12,CAR,DEN,12,8,6,2
2022_12_DEN_CAR,2022,12,DEN,CAR,13,6,5,1
2022_12_GB_PHI,2022,12,GB,PHI,11,10,6,4
2022_12_GB_PHI,2022,12,PHI,GB,11,11,6,5
2022_12_HOU_MIA,2022,12,HOU,MIA,13,9,7,2
2022_12_HOU_MIA,2022,12,MIA,HOU,14,10,8,2
2022_12_LAC_ARI,2022,12,ARI,LAC,11,7,4,3
2022_12_LAC_ARI,2022,12,LAC,ARI,11,9,6,3
2022_12_LA_KC,2022,12,KC,LA,8,8,6,2
2022_12_LA_KC,2022,12,LA,KC,10,7,6,1
2022_12_LV_SEA,2022,12,LV,SEA,14,9,5,5
2022_12_LV_SEA,2022,12,SEA,LV,14,12,8,4
2022_12_NE_MIN,2022,12,MIN,NE,11,8,4,4
2022_12_NE_MIN,2022,12,NE,MIN,11,9,7,2
2022_12_NO_SF,2022,12,NO,SF,9,7,7,0
2022_12_NO_SF,2022,12,SF,NO,9,4,3,1
2022_12_NYG_DAL,2022,12,DAL,NYG,10,9,5,4
2022_12_NYG_DAL,2022,12,NYG,DAL,10,8,6,2
2022_12_PIT_IND,2022,12,IND,PIT,10,9,7,2
2022_12_PIT_IND,2022,12,PIT,IND,10,7,5,2
2022_12_TB_CLE,2022,12,CLE,TB,13,7,4,3
2022_12_TB_CLE,2022,12,TB,CLE,13,7,5,2
2022_13_BUF_NE,2022,13,BUF,NE,10,6,3,3
2022_13_BUF_NE,2022,13,NE,BUF,9,7,6,1
2022_13_CLE_HOU,2022,13,CLE,HOU,16,9,9,0
2022_13_CLE_HOU,2022,13,HOU,CLE,14,9,8,1
2022_13_DEN_BAL,2022,13,BAL,DEN,12,6,5,1
2022_13_DEN_BAL,2022,13,DEN,BAL,11,5,5,0
2022_13_GB_CHI,2022,13,CHI,GB,10,9,7,2
2022_13_GB_CHI,2022,13,GB,CHI,10,7,4,3
2022_13_IND_DAL,2022,13,DAL,IND,13,11,4,7
2022_13_IND_DAL,2022,13,IND,DAL,14,12,10,2
2022_13_JAX_DET,2022,13,DET,JAX,9,9,5,4
2022_13_JAX_DET,2022,13,JAX,DET,9,9,8,1
2022_13_KC_CIN,2022,13,CIN,KC,8,7,4,3
2022_13_KC_CIN,2022,13,KC,CIN,8,7,4,3
2022_13_LAC_LV,2022,13,LAC,LV,13,9,8,1
2022_13_LAC_LV,2022,13,LV,LAC,12,8,5,3
2022_13_MIA_SF,2022,13,MIA,SF,13,9,7,2
2022_13_MIA_SF,2022,13,SF,MIA,13,11,9,2
2022_13_NO_TB,2022,13,NO,TB,11,7,6,1
2022_13_NO_TB,2022,13,TB,NO,11,7,5,2
2022_13_NYJ_MIN,2022,13,MIN,NYJ,13,11,8,3
2022_13_NYJ_MIN,2022,13,NYJ,MIN,12,11,10,1
2022_13_PIT_ATL,2022,13,ATL,PIT,8,7,6,1
2022_13_PIT_ATL,2022,13,PIT,ATL,9,8,7,1
2022_13_SEA_LA,2022,13,LA,SEA,10,8,6,2
2022_13_SEA_LA,2022,13,SEA,LA,11,9,6,3
2022_13_TEN_PHI,2022,13,PHI,TEN,11,6,1,5
2022_13_TEN_PHI,2022,13,TEN,PHI,11,9,8,1
2022_13_WAS_NYG,2022,13,NYG,WAS,14,8,6,2
2022_13_WAS_NYG,2022,13,WAS,NYG,13,9,7,2
2022_14_BAL_PIT,2022,14,BAL,PIT,10,7,6,1
2022_14_BAL_PIT,2022,14,PIT,BAL,9,7,5,2
2022_14_CAR_SEA,2022,14,CAR,SEA,11,11,8,3
2022_14_CAR_SEA,2022,14,SEA,CAR,10,7,4,3
2022_14_CLE_CIN,2022,14,CIN,CLE,11,6,3,3
2022_14_CLE_CIN,2022,14,CLE,CIN,11,7,6,1
2022_14_HOU_DAL,2022,14,DAL,HOU,12,7,4,3
2022_14_HOU_DAL,2022,14,HOU,DAL,13,11,9,2
2022_14_JAX_TEN,2022,14,JAX,TEN,12,10,6,4
2022_14_JAX_TEN,2022,14,TEN,JAX,12,9,6,3
2022_14_KC_DEN,2022,14,DEN,KC,13,9,5,4
2022_14_KC_DEN,2022,14,KC,DEN,14,12,9,3
2022_14_LV_LA,2022,14,LA,LV,10,7,5,2
2022_14_LV_LA,2022,14,LV,LA,9,7,6,1
2022_14_MIA_LAC,2022,14,LAC,MIA,11,9,7,2
2022_14_MIA_LAC,2022,14,MIA,LAC,11,7,5,2
2022_14_MIN_DET,2022,14,DET,MIN,11,9,5,4
2022_14_MIN_DET,2022,14,MIN,DET,11,7,4,3
2022_14_NE_ARI,2022,14,ARI,NE,12,8,7,1
2022_14_NE_ARI,2022,14,NE,ARI,13,8,6,2
2022_14_NYJ_BUF,2022,14,BUF,NYJ,13,7,5,2
2022_14_NYJ_BUF,2022,14,NYJ,BUF,13,7,6,1
2022_14_PHI_NYG,2022,14,NYG,PHI,11,11,8,3
2022_14_PHI_NYG,2022,14,PHI,NYG,12,9,3,6
2022_14_TB_SF,2022,14,SF,TB,11,8,3,5
2022_14_TB_SF,2022,14,TB,SF,11,9,8,1
2022_15_ARI_DEN,2022,15,ARI,DEN,13,7,6,1
2022_15_ARI_DEN,2022,15,DEN,ARI,13,8,5,3
2022_15_ATL_NO,2022,15,ATL,NO,10,5,3,2
2022_15_ATL_NO,2022,15,NO,ATL,10,6,3,3
2022_15_BAL_CLE,2022,15,BAL,CLE,9,7,7,0
2022_15_BAL_CLE,2022,15,CLE,BAL,9,8,7,1
2022_15_CIN_TB,2022,15,CIN,TB,12,10,6,4
2022_15_CIN_TB,2022,15,TB,CIN,11,10,7,3
2022_15_DAL_JAX,2022,15,DAL,JAX,12,9,5,4
2022_15_DAL_JAX,2022,15,JAX,DAL,14,11,7,4
2022_15_DET_NYJ,2022,15,DET,NYJ,10,5,4,1
2022_15_DET_NYJ,2022,15,NYJ,DET,11,8,6,2
2022_15_IND_MIN,2022,15,IND,MIN,18,12,11,1
2022_15_IND_MIN,2022,15,MIN,IND,19,15,10,5
2022_15_KC_HOU,2022,15,HOU,KC,13,8,5,3
2022_15_KC_HOU,2022,15,KC,HOU,12,9,5,4
2022_15_LA_GB,2022,15,GB,LA,9,8,5,3
2022_15_LA_GB,2022,15,LA,GB,8,6,5,1
2022_15_MIA_BUF,2022,15,BUF,MIA,11,8,4,4
2022_15_MIA_BUF,2022,15,MIA,BUF,10,8,5,3
2022_15_NE_LV,2022,15,LV,NE,13,8,5,3
2022_15_NE_LV,2022,15,NE,LV,13,10,9,1
2022_15_NYG_WAS,2022,15,NYG,WAS,11,7,6,1
2022_15_NYG_WAS,2022,15,WAS,NYG,10,9,8,1
2022_15_PHI_CHI,2022,15,CHI,PHI,12,7,4,3
2022_15_PHI_CHI,2022,15,PHI,CHI,12,9,6,3
2022_15_PIT_CAR,2022,15,CAR,PIT,8,5,4,1
2022_15_PIT_CAR,2022,15,PIT,CAR,9,6,3,3
2022_15_SF_SEA,2022,15,SEA,SF,11,7,6,1
2022_15_SF_SEA,2022,15,SF,SEA,12,7,4,3
2022_15_TEN_LAC,2022,15,LAC,TEN,12,7,5,2
2022_15_TEN_LAC,2022,15,TEN,LAC,13,7,5,2
2022_16_ATL_BAL,2022,16,ATL,BAL,9,6,6,0
2022_16_ATL_BAL,2022,16,BAL,ATL,9,7,6,1
2022_16_BUF_CHI,2022,16,BUF,CHI,12,8,3,5
2022_16_BUF_CHI,2022,16,CHI,BUF,13,9,8,1
2022_16_CIN_NE,2022,16,CIN,NE,12,10,7,3
2022_16_CIN_NE,2022,16,NE,CIN,12,9,7,2
2022_16_DEN_LA,2022,16,DEN,LA,10,9,8,1
2022_16_DEN_LA,2022,16,LA,DEN,10,9,4,5
2022_16_DET_CAR,2022,16,CAR,DET,11,10,6,4
2022_16_DET_CAR,2022,16,DET,CAR,10,10,7,3
2022_16_GB_MIA,2022,16,GB,MIA,11,9,7,2
2022_16_GB_MIA,2022,16,MIA,GB,11,9,7,2
2022_16_HOU_TEN,2022,16,HOU,TEN,12,6,4,2
2022_16_HOU_TEN,2022,16,TEN,HOU,12,7,5,2
2022_16_JAX_NYJ,2022,16,JAX,NYJ,10,7,6,1
2022_16_JAX_NYJ,2022,16,NYJ,JAX,10,8,8,0
2022_16_LAC_IND,2022,16,IND,LAC,10,6,6,0
2022_16_LAC_IND,2022,16,LAC,IND,11,5,3,2
2022_16_LV_PIT,2022,16,LV,PIT,10,4,3,1
2022_16_LV_PIT,2022,16,PIT,LV,11,8,7,1
2022_16_NO_CLE,2022,16,CLE,NO,10,6,5,1
2022_16_NO_CLE,2022,16,NO,CLE,11,5,3,2
2022_16_NYG_MIN,2022,16,MIN,NYG,12,9,6,3
2022_16_NYG_MIN,2022,16,NYG,MIN,11,5,3,2
2022_16_PHI_DAL,2022,16,DAL,PHI,12,11,7,4
2022_16_PHI_DAL,2022,16,PHI,DAL,11,11,8,3
2022_16_SEA_KC,2022,16,KC,SEA,11,6,3,3
2022_16_SEA_KC,2022,16,SEA,KC,12,8,7,1
2022_16_TB_ARI,2022,16,ARI,TB,15,9,8,1
2022_16_TB_ARI,2022,16,TB,ARI,14,9,8,1
2022_16_WAS_SF,2022,16,SF,WAS,12,9,5,4
2022_16_WAS_SF,2022,16,WAS,SF,12,10,7,3
2022_17_ARI_ATL,2022,17,ARI,ATL,9,7,6,1
2022_17_ARI_ATL,2022,17,ATL,ARI,10,8,6,2
2022_17_CAR_TB,2022,17,CAR,TB,14,8,5,3
2022_17_CAR_TB,2022,17,TB,CAR,13,11,7,4
2022_17_CHI_DET,2022,17,CHI,DET,12,9,8,1
2022_17_CHI_DET,2022,17,DET,CHI,12,7,2,5
2022_17_CLE_WAS,2022,17,CLE,WAS,10,8,5,3
2022_17_CLE_WAS,2022,17,WAS,CLE,10,6,5,1
2022_17_DAL_TEN,2022,17,DAL,TEN,11,7,4,3
2022_17_DAL_TEN,2022,17,TEN,DAL,12,8,7,1
2022_17_DEN_KC,2022,17,DEN,KC,12,8,5,3
2022_17_DEN_KC,2022,17,KC,DEN,12,10,6,4
2022_17_IND_NYG,2022,17,IND,NYG,9,8,7,1
2022_17_IND_NYG,2022,17,NYG,IND,9,8,4,4
2022_17_JAX_HOU,2022,17,HOU,JAX,13,7,7,0
2022_17_JAX_HOU,2022,17,JAX,HOU,13,6,3,3
2022_17_LA_LAC,2022,17,LA,LAC,10,7,6,1
2022_17_LA_LAC,2022,17,LAC,LA,9,5,1,4
2022_17_MIA_NE,2022,17,MIA,NE,11,8,5,3
2022_17_MIA_NE,2022,17,NE,MIA,12,8,6,2
2022_17_MIN_GB,2022,17,GB,MIN,12,9,5,4
2022_17_MIN_GB,2022,17,MIN,GB,11,10,8,2
2022_17_NO_PHI,2022,17,NO,PHI,12,7,6,1
2022_17_NO_PHI,2022,17,PHI,NO,12,6,5,1
2022_17_NYJ_SEA,2022,17,NYJ,SEA,12,7,7,0
2022_17_NYJ_SEA,2022,17,SEA,NYJ,11,9,7,2
2022_17_PIT_BAL,2022,17,BAL,PIT,8,6,5,1
2022_17_PIT_BAL,2022,17,PIT,BAL,9,7,6,1
2022_17_SF_LV,2022,17,LV,SF,12,10,6,4
2022_17_SF_LV,2022,17,SF,LV,12,10,6,4
2022_18_ARI_SF,2022,18,ARI,SF,13,7,5,2
2022_18_ARI_SF,2022,18,SF,ARI,12,7,2,5
2022_18_BAL_CIN,2022,18,BAL,CIN,15,9,8,1
2022_18_BAL_CIN,2022,18,CIN,BAL,14,9,7,2
2022_18_CAR_NO,2022,18,CAR,NO,11,4,3,1
2022_18_CAR_NO,2022,18,NO,CAR,11,5,4,1
2022_18_CLE_PIT,2022,18,CLE,PIT,10,8,6,2
2022_18_CLE_PIT,2022,18,PIT,CLE,10,6,3,3
2022_18_DAL_WAS,2022,18,DAL,WAS,15,7,6,1
2022_18_DAL_WAS,2022,18,WAS,DAL,16,10,8,2
2022_18_DET_GB,2022,18,DET,GB,10,10,8,2
2022_18_DET_GB,2022,18,GB,DET,9,7,6,1
2022_18_HOU_IND,2022,18,HOU,IND,12,9,6,3
2022_18_HOU_IND,2022,18,IND,HOU,13,9,6,3
2022_18_KC_LV,2022,18,KC,LV,10,9,5,4
2022_18_KC_LV,2022,18,LV,KC,9,5,4,1
2022_18_LAC_DEN,2022,18,DEN,LAC,12,8,4,4
2022_18_LAC_DEN,2022,18,LAC,DEN,13,10,7,3
2022_18_LA_SEA,2022,18,LA,SEA,12,7,6,1
2022_18_LA_SEA,2022,18,SEA,LA,13,11,10,1
2022_18_MIN_CHI,2022,18,CHI,MIN,10,7,5,2
2022_18_MIN_CHI,2022,18,MIN,CHI,10,8,5,3
2022_18_NE_BUF,2022,18,BUF,NE,11,7,2,5
2022_18_NE_BUF,2022,18,NE,BUF,12,10,7,3
2022_18_NYG_PHI,2022,18,NYG,PHI,10,8,6,2
2022_18_NYG_PHI,2022,18,PHI,NYG,11,8,7,1
2022_18_NYJ_MIA,2022,18,MIA,NYJ,10,6,6,0
2022_18_NYJ_MIA,2022,18,NYJ,MIA,9,4,4,0
2022_18_TB_ATL,2022,18,ATL,TB,11,9,6,3
2022_18_TB_ATL,2022,18,TB,ATL,11,8,6,2
2022_18_TEN_JAX,2022,18,JAX,TEN,10,6,5,1
2022_18_TEN_JAX,2022,18,TEN,JAX,10,7,6,1
2023_01_ARI_WAS,2023,1,ARI,WAS,12,6,6,0
2023_01_ARI_WAS,2023,1,WAS,ARI,13,9,7,2
2023_01_BUF_NYJ,2023,1,BUF,NYJ,11,8,7,1
2023_01_BUF_NYJ,2023,1,NYJ,BUF,12,8,7,1
2023_01_CAR_ATL,2023,1,ATL,CAR,13,7,4,3
2023_01_CAR_ATL,2023,1,CAR,ATL,12,7,6,1
2023_01_CIN_CLE,2023,1,CIN,CLE,15,8,8,0
2023_01_CIN_CLE,2023,1,CLE,CIN,14,8,6,2
2023_01_DAL_NYG,2023,1,DAL,NYG,11,8,5,3
2023_01_DAL_NYG,2023,1,NYG,DAL,12,8,8,0
2023_01_DET_KC,2023,1,DET,KC,12,8,6,2
2023_01_DET_KC,2023,1,KC,DET,11,7,5,2
2023_01_GB_CHI,2023,1,CHI,GB,12,9,7,2
2023_01_GB_CHI,2023,1,GB,CHI,12,9,5,4
2023_01_HOU_BAL,2023,1,BAL,HOU,11,8,5,3
2023_01_HOU_BAL,2023,1,HOU,BAL,12,8,8,0
2023_01_JAX_IND,2023,1,IND,JAX,15,9,7,2
2023_01_JAX_IND,2023,1,JAX,IND,15,8,4,4
2023_01_LA_SEA,2023,1,LA,SEA,9,8,5,3
2023_01_LA_SEA,2023,1,SEA,LA,9,9,8,1
2023_01_LV_DEN,2023,1,DEN,LV,6,6,4,2
2023_01_LV_DEN,2023,1,LV,DEN,7,6,4,2
2023_01_MIA_LAC,2023,1,LAC,MIA,10,8,4,4
2023_01_MIA_LAC,2023,1,MIA,LAC,11,11,7,4
2023_01_PHI_NE,2023,1,NE,PHI,13,10,7,3
2023_01_PHI_NE,2023,1,PHI,NE,14,9,8,1
2023_01_SF_PIT,2023,1,PIT,SF,11,9,8,1
2023_01_SF_PIT,2023,1,SF,PIT,12,7,4,3
2023_01_TB_MIN,2023,1,MIN,TB,11,8,6,2
2023_01_TB_MIN,2023,1,TB,MIN,12,7,5,2
2023_01_TEN_NO,2023,1,NO,TEN,12,9,8,1
2023_01_TEN_NO,2023,1,TEN,NO,12,8,8,0
2023_02_BAL_CIN,2023,2,BAL,CIN,9,6,3,3
2023_02_BAL_CIN,2023,2,CIN,BAL,8,7,5,2
2023_02_CHI_TB,2023,2,CHI,TB,10,7,5,2
2023_02_CHI_TB,2023,2,TB,CHI,11,8,6,2
2023_02_CLE_PIT,2023,2,CLE,PIT,15,10,8,2
2023_02_CLE_PIT,2023,2,PIT,CLE,16,9,8,1
2023_02_GB_ATL,2023,2,ATL,GB,10,9,7,2
2023_02_GB_ATL,2023,2,GB,ATL,10,9,6,3
2023_02_IND_HOU,2023,2,HOU,IND,11,8,6,2
2023_02_IND_HOU,2023,2,IND,HOU,10,8,4,4
2023_02_KC_JAX,2023,2,JAX,KC,11,6,6,0
2023_02_KC_JAX,2023,2,KC,JAX,10,5,3,2
2023_02_LAC_TEN,2023,2,LAC,TEN,11,8,6,2
2023_02_LAC_TEN,2023,2,TEN,LAC,11,7,4,3
2023_02_LV_BUF,2023,2,BUF,LV,9,8,3,5
2023_02_LV_BUF,2023,2,LV,BUF,9,7,6,1
2023_02_MIA_NE,2023,2,MIA,NE,11,8,5,3
2023_02_MIA_NE,2023,2,NE,MIA,11,9,7,2
2023_02_MIN_PHI,2023,2,MIN,PHI,11,8,4,4
2023_02_MIN_PHI,2023,2,PHI,MIN,12,9,5,4
2023_02_NO_CAR,2023,2,CAR,NO,11,9,8,1
2023_02_NO_CAR,2023,2,NO,CAR,11,6,4,2
2023_02_NYG_ARI,2023,2,ARI,NYG,10,10,7,3
2023_02_NYG_ARI,2023,2,NYG,ARI,10,9,5,4
2023_02_NYJ_DAL,2023,2,DAL,NYJ,12,7,5,2
2023_02_NYJ_DAL,2023,2,NYJ,DAL,11,9,8,1
2023_02_SEA_DET,2023,2,DET,SEA,12,9,5,4
2023_02_SEA_DET,2023,2,SEA,DET,11,10,6,4
2023_02_SF_LA,2023,2,LA,SF,10,9,7,2
2023_02_SF_LA,2023,2,SF,LA,10,8,5,3
2023_02_WAS_DEN,2023,2,DEN,WAS,11,11,7,4
2023_02_WAS_DEN,2023,2,WAS,DEN,11,11,7,4
2023_03_ATL_DET,2023,3,ATL,DET,12,6,6,0
2023_03_ATL_DET,2023,3,DET,ATL,12,7,5,2
2023_03_BUF_WAS,2023,3,BUF,WAS,11,8,5,3
2023_03_BUF_WAS,2023,3,WAS,BUF,11,8,8,0
2023_03_CAR_SEA,2023,3,CAR,SEA,12,11,8,3
2023_03_CAR_SEA,2023,3,SEA,CAR,13,11,8,3
2023_03_CHI_KC,2023,3,CHI,KC,10,9,8,1
2023_03_CHI_KC,2023,3,KC,CHI,11,11,6,5
2023_03_DAL_ARI,2023,3,ARI,DAL,9,7,4,3
2023_03_DAL_ARI,2023,3,DAL,ARI,8,8,7,1
2023_03_DEN_MIA,2023,3,DEN,MIA,14,12,10,2
2023_03_DEN_MIA,2023,3,MIA,DEN,14,13,3,10
2023_03_HOU_JAX,2023,3,HOU,JAX,11,9,5,4
2023_03_HOU_JAX,2023,3,JAX,HOU,11,10,8,2
2023_03_IND_BAL,2023,3,BAL,IND,16,9,7,2
2023_03_IND_BAL,2023,3,IND,BAL,16,9,8,1
2023_03_LAC_MIN,2023,3,LAC,MIN,11,8,4,4
2023_03_LAC_MIN,2023,3,MIN,LAC,11,10,7,3
2023_03_LA_CIN,2023,3,CIN,LA,13,9,8,1
2023_03_LA_CIN,2023,3,LA,CIN,12,7,6,1
2023_03_NE_NYJ,2023,3,NE,NYJ,13,7,6,1
2023_03_NE_NYJ,2023,3,NYJ,NE,13,6,5,1
2023_03_NO_GB,2023,3,GB,NO,12,8,6,2
2023_03_NO_GB,2023,3,NO,GB,11,7,6,1
2023_03_NYG_SF,2023,3,NYG,SF,10,8,7,1
2023_03_NYG_SF,2023,3,SF,NYG,11,8,5,3
2023_03_PHI_TB,2023,3,PHI,TB,10,8,6,2
2023_03_PHI_TB,2023,3,TB,PHI,9,6,5,1
2023_03_PIT_LV,2023,3,LV,PIT,12,9,7,2
2023_03_PIT_LV,2023,3,PIT,LV,13,8,6,2
2023_03_TEN_CLE,2023,3,CLE,TEN,9,5,2,3
2023_03_TEN_CLE,2023,3,TEN,CLE,10,7,7,0
2023_04_ARI_SF,2023,4,ARI,SF,7,7,5,2
2023_04_ARI_SF,2023,4,SF,ARI,8,7,2,5
2023_04_ATL_JAX,2023,4,ATL,JAX,10,6,5,1
2023_04_ATL_JAX,2023,4,JAX,ATL,11,8,7,1
2023_04_BAL_CLE,2023,4,BAL,CLE,12,7,3,4
2023_04_BAL_CLE,2023,4,CLE,BAL,13,6,6,0
2023_04_CIN_TEN,2023,4,CIN,TEN,9,7,7,0
2023_04_CIN_TEN,2023,4,TEN,CIN,9,6,3,3
2023_04_DEN_CHI,2023,4,CHI,DEN,10,9,5,4
2023_04_DEN_CHI,2023,4,DEN,CHI,10,9,6,3
2023_04_DET_GB,2023,4,DET,GB,12,9,5,4
2023_04_DET_GB,2023,4,GB,DET,12,10,8,2
2023_04_KC_NYJ,2023,4,KC,NYJ,11,8,6,2
2023_04_KC_NYJ,2023,4,NYJ,KC,11,8,6,2
2023_04_LA_IND,2023,4,IND,LA,12,9,6,3
2023_04_LA_IND,2023,4,LA,IND,12,11,8,3
2023_04_LV_LAC,2023,4,LAC,LV,12,6,3,3
2023_04_LV_LAC,2023,4,LV,LAC,11,10,8,2
2023_04_MIA_BUF,2023,4,BUF,MIA,12,8,2,6
2023_04_MIA_BUF,2023,4,MIA,BUF,11,10,7,3
2023_04_MIN_CAR,2023,4,CAR,MIN,11,8,8,0
2023_04_MIN_CAR,2023,4,MIN,CAR,10,6,4,2
2023_04_NE_DAL,2023,4,DAL,NE,12,8,6,2
2023_04_NE_DAL,2023,4,NE,DAL,11,8,8,0
2023_04_PIT_HOU,2023,4,HOU,PIT,10,9,6,3
2023_04_PIT_HOU,2023,4,PIT,HOU,10,8,8,0
2023_04_SEA_NYG,2023,4,NYG,SEA,12,6,6,0
2023_04_SEA_NYG,2023,4,SEA,NYG,12,7,5,2
2023_04_TB_NO,2023,4,NO,TB,11,6,6,0
2023_04_TB_NO,2023,4,TB,NO,11,8,5,3
2023_04_WAS_PHI,2023,4,PHI,WAS,10,9,6,3
2023_04_WAS_PHI,2023,4,WAS,PHI,10,8,4,4
2023_05_BAL_PIT,2023,5,BAL,PIT,12,8,7,1
2023_05_BAL_PIT,2023,5,PIT,BAL,12,8,7,1
2023_05_CAR_DET,2023,5,CAR,DET,10,7,4,3
2023_05_CAR_DET,2023,5,DET,CAR,11,10,4,6
2023_05_CHI_WAS,2023,5,CHI,WAS,11,10,6,4
2023_05_CHI_WAS,2023,5,WAS,CHI,12,11,9,2
2023_05_CIN_ARI,2023,5,ARI,CIN,13,9,6,3
2023_05_CIN_ARI,2023,5,CIN,ARI,13,11,8,3
2023_05_DAL_SF,2023,5,DAL,SF,13,6,5,1
2023_05_DAL_SF,2023,5,SF,DAL,13,10,4,6
2023_05_GB_LV,2023,5,GB,LV,11,8,7,1
2023_05_GB_LV,2023,5,LV,GB,11,8,6,2
2023_05_HOU_ATL,2023,5,ATL,HOU,12,9,7,2
2023_05_HOU_ATL,2023,5,HOU,ATL,11,8,7,1
2023_05_JAX_BUF,2023,5,BUF,JAX,12,6,3,3
2023_05_JAX_BUF,2023,5,JAX,BUF,12,9,6,3
2023_05_KC_MIN,2023,5,KC,MIN,8,7,4,3
2023_05_KC_MIN,2023,5,MIN,KC,8,7,5,2
2023_05_NO_NE,2023,5,NE,NO,14,7,7,0
2023_05_NO_NE,2023,5,NO,NE,15,9,6,3
2023_05_NYG_MIA,2023,5,MIA,NYG,11,7,3,4
2023_05_NYG_MIA,2023,5,NYG,MIA,10,9,9,0
2023_05_NYJ_DEN,2023,5,DEN,NYJ,12,9,7,2
2023_05_NYJ_DEN,2023,5,NYJ,DEN,12,12,11,1
2023_05_PHI_LA,2023,5,LA,PHI,8,5,3,2
2023_05_PHI_LA,2023,5,PHI,LA,8,8,6,2
2023_05_TEN_IND,2023,5,IND,TEN,8,7,5,2
2023_05_TEN_IND,2023,5,TEN,IND,8,7,6,1
2023_06_ARI_LA,2023,6,ARI,LA,12,9,9,0
2023_06_ARI_LA,2023,6,LA,ARI,10,8,6,2
2023_06_BAL_TEN,2023,6,BAL,TEN,12,10,9,1
2023_06_BAL_TEN,2023,6,TEN,BAL,10,9,8,1
2023_06_CAR_MIA,2023,6,CAR,MIA,12,10,8,2
2023_06_CAR_MIA,2023,6,MIA,CAR,12,10,4,6
2023_06_DAL_LAC,2023,6,DAL,LAC,10,7,5,2
2023_06_DAL_LAC,2023,6,LAC,DAL,10,7,5,2
2023_06_DEN_KC,2023,6,DEN,KC,10,6,5,1
2023_06_DEN_KC,2023,6,KC,DEN,11,7,6,1
2023_06_DET_TB,2023,6,DET,TB,11,5,3,2
2023_06_DET_TB,2023,6,TB,DET,10,8,8,0
2023_06_IND_JAX,2023,6,IND,JAX,13,11,9,2
2023_06_IND_JAX,2023,6,JAX,IND,14,10,6,4
2023_06_MIN_CHI,2023,6,CHI,MIN,13,9,8,1
2023_06_MIN_CHI,2023,6,MIN,CHI,12,8,7,1
2023_06_NE_LV,2023,6,LV,NE,9,9,8,1
2023_06_NE_LV,2023,6,NE,LV,9,7,5,2
2023_06_NO_HOU,2023,6,HOU,NO,12,7,5,2
2023_06_NO_HOU,2023,6,NO,HOU,10,9,8,1
2023_06_NYG_BUF,2023,6,BUF,NYG,9,6,4,2
2023_06_NYG_BUF,2023,6,NYG,BUF,10,7,7,0
2023_06_PHI_NYJ,2023,6,NYJ,PHI,11,8,7,1
2023_06_PHI_NYJ,2023,6,PHI,NYJ,10,8,6,2
2023_06_SEA_CIN,2023,6,CIN,SEA,11,6,4,2
2023_06_SEA_CIN,2023,6,SEA,CIN,11,8,7,1
2023_06_SF_CLE,2023,6,CLE,SF,13,7,6,1
2023_06_SF_CLE,2023,6,SF,CLE,13,9,7,2
2023_06_WAS_ATL,2023,6,ATL,WAS,11,8,6,2
2023_06_WAS_ATL,2023,6,WAS,ATL,12,7,4,3
2023_07_ARI_SEA,2023,7,ARI,SEA,11,8,7,1
2023_07_ARI_SEA,2023,7,SEA,ARI,10,6,4,2
2023_07_ATL_TB,2023,7,ATL,TB,10,9,8,1
2023_07_ATL_TB,2023,7,TB,ATL,11,6,5,1
2023_07_BUF_NE,2023,7,BUF,NE,10,8,5,3
2023_07_BUF_NE,2023,7,NE,BUF,10,8,5,3
2023_07_CLE_IND,2023,7,CLE,IND,17,12,9,3
2023_07_CLE_IND,2023,7,IND,CLE,16,10,5,5
2023_07_DET_BAL,2023,7,BAL,DET,10,7,2,5
2023_07_DET_BAL,2023,7,DET,BAL,10,10,9,1
2023_07_GB_DEN,2023,7,DEN,GB,9,6,5,1
2023_07_GB_DEN,2023,7,GB,DEN,9,8,6,2
2023_07_JAX_NO,2023,7,JAX,NO,13,8,5,3
2023_07_JAX_NO,2023,7,NO,JAX,14,9,7,2
2023_07_LAC_KC,2023,7,KC,LAC,11,7,3,4
2023_07_LAC_KC,2023,7,LAC,KC,11,7,5,2
2023_07_LV_CHI,2023,7,CHI,LV,10,8,5,3
2023_07_LV_CHI,2023,7,LV,CHI,9,8,7,1
2023_07_MIA_PHI,2023,7,MIA,PHI,9,9,8,1
2023_07_MIA_PHI,2023,7,PHI,MIA,10,7,3,4
2023_07_PIT_LA,2023,7,LA,PIT,10,9,7,2
2023_07_PIT_LA,2023,7,PIT,LA,11,8,5,3
2023_07_SF_MIN,2023,7,MIN,SF,9,8,6,2
2023_07_SF_MIN,2023,7,SF,MIN,9,7,5,2
2023_07_WAS_NYG,2023,7,NYG,WAS,14,6,4,2
2023_07_WAS_NYG,2023,7,WAS,NYG,14,6,5,1
2023_08_ATL_TEN,2023,8,ATL,TEN,14,7,5,2
2023_08_ATL_TEN,2023,8,TEN,ATL,14,10,6,4
2023_08_BAL_ARI,2023,8,ARI,BAL,13,7,4,3
2023_08_BAL_ARI,2023,8,BAL,ARI,13,9,5,4
2023_08_CHI_LAC,2023,8,CHI,LAC,11,9,7,2
2023_08_CHI_LAC,2023,8,LAC,CHI,10,8,5,3
2023_08_CIN_SF,2023,8,CIN,SF,10,7,3,4
2023_08_CIN_SF,2023,8,SF,CIN,11,8,6,2
2023_08_CLE_SEA,2023,8,CLE,SEA,12,8,6,2
2023_08_CLE_SEA,2023,8,SEA,CLE,12,11,8,3
2023_08_HOU_CAR,2023,8,CAR,HOU,10,6,5,1
2023_08_HOU_CAR,2023,8,HOU,CAR,9,6,4,2
2023_08_JAX_PIT,2023,8,JAX,PIT,11,9,8,1
2023_08_JAX_PIT,2023,8,PIT,JAX,12,7,6,1
2023_08_KC_DEN,2023,8,DEN,KC,11,8,5,3
2023_08_KC_DEN,2023,8,KC,DEN,11,7,7,0
2023_08_LA_DAL,2023,8,DAL,LA,12,10,6,4
2023_08_LA_DAL,2023,8,LA,DAL,11,9,7,2
2023_08_LV_DET,2023,8,DET,LV,12,10,8,2
2023_08_LV_DET,2023,8,LV,DET,12,9,8,1
2023_08_MIN_GB,2023,8,GB,MIN,10,9,8,1
2023_08_MIN_GB,2023,8,MIN,GB,10,6,3,3
2023_08_NE_MIA,2023,8,MIA,NE,11,7,3,4
2023_08_NE_MIA,2023,8,NE,MIA,11,9,7,2
2023_08_NO_IND,2023,8,IND,NO,12,10,7,3
2023_08_NO_IND,2023,8,NO,IND,12,10,5,5
2023_08_NYJ_NYG,2023,8,NYG,NYJ,18,6,5,1
2023_08_NYJ_NYG,2023,8,NYJ,NYG,17,6,5,1
2023_08_PHI_WAS,2023,8,PHI,WAS,12,10,5,5
2023_08_PHI_WAS,2023,8,WAS,PHI,11,9,5,4
2023_08_TB_BUF,2023,8,BUF,TB,11,7,4,3
2023_08_TB_BUF,2023,8,TB,BUF,11,7,5,2
2023_09_ARI_CLE,2023,9,ARI,CLE,14,5,5,0
2023_09_ARI_CLE,2023,9,CLE,ARI,14,7,4,3
2023_09_BUF_CIN,2023,9,BUF,CIN,9,6,4,2
2023_09_BUF_CIN,2023,9,CIN,BUF,9,7,4,3
2023_09_CHI_NO,2023,9,CHI,NO,11,5,3,2
2023_09_CHI_NO,2023,9,NO,CHI,12,9,6,3
2023_09_DAL_PHI,2023,9,DAL,PHI,10,9,6,3
2023_09_DAL_PHI,2023,9,PHI,DAL,10,7,3,4
2023_09_IND_CAR,2023,9,CAR,IND,12,8,7,1
2023_09_IND_CAR,2023,9,IND,CAR,11,9,8,1
2023_09_LAC_NYJ,2023,9,LAC,NYJ,14,7,5,2
2023_09_LAC_NYJ,2023,9,NYJ,LAC,13,7,7,0
2023_09_LA_GB,2023,9,GB,LA,12,7,5,2
2023_09_LA_GB,2023,9,LA,GB,11,8,8,0
2023_09_MIA_KC,2023,9,KC,MIA,12,5,3,2
2023_09_MIA_KC,2023,9,MIA,KC,11,7,5,2
2023_09_MIN_ATL,2023,9,ATL,MIN,13,12,10,2
2023_09_MIN_ATL,2023,9,MIN,ATL,13,9,6,3
2023_09_NYG_LV,2023,9,LV,NYG,12,8,5,3
2023_09_NYG_LV,2023,9,NYG,LV,13,8,7,1
2023_09_SEA_BAL,2023,9,BAL,SEA,12,10,6,4
2023_09_SEA_BAL,2023,9,SEA,BAL,13,8,8,0
2023_09_TB_HOU,2023,9,HOU,TB,13,9,4,5
2023_09_TB_HOU,2023,9,TB,HOU,12,9,5,4
2023_09_TEN_PIT,2023,9,PIT,TEN,9,6,4,2
2023_09_TEN_PIT,2023,9,TEN,PIT,9,7,6,1
2023_09_WAS_NE,2023,9,NE,WAS,12,7,5,2
2023_09_WAS_NE,2023,9,WAS,NE,12,7,5,2
2023_10_ATL_ARI,2023,10,ARI,ATL,10,8,6,2
2023_10_ATL_ARI,2023,10,ATL,ARI,10,8,5,3
2023_10_CAR_CHI,2023,10,CAR,CHI,10,6,6,0
2023_10_CAR_CHI,2023,10,CHI,CAR,11,7,6,1
2023_10_CLE_BAL,2023,10,BAL,CLE,12,10,7,3
2023_10_CLE_BAL,2023,10,CLE,BAL,11,10,8,2
2023_10_DEN_BUF,2023,10,BUF,DEN,12,6,3,3
2023_10_DEN_BUF,2023,10,DEN,BUF,12,8,6,2
2023_10_DET_LAC,2023,10,DET,LAC,10,10,5,5
2023_10_DET_LAC,2023,10,LAC,DET,10,8,3,5
2023_10_GB_PIT,2023,10,GB,PIT,11,8,6,2
2023_10_GB_PIT,2023,10,PIT,GB,11,7,5,2
2023_10_HOU_CIN,2023,10,CIN,HOU,14,10,7,3
2023_10_HOU_CIN,2023,10,HOU,CIN,13,11,8,3
2023_10_IND_NE,2023,10,IND,NE,10,3,2,1
2023_10_IND_NE,2023,10,NE,IND,10,5,5,0
2023_10_NO_MIN,2023,10,MIN,NO,12,7,4,3
2023_10_NO_MIN,2023,10,NO,MIN,13,8,6,2
2023_10_NYG_DAL,2023,10,DAL,NYG,13,8,1,7
2023_10_NYG_DAL,2023,10,NYG,DAL,13,11,9,2
2023_10_NYJ_LV,2023,10,LV,NYJ,11,8,7,1
2023_10_NYJ_LV,2023,10,NYJ,LV,11,7,7,0
2023_10_SF_JAX,2023,10,JAX,SF,10,8,8,0
2023_10_SF_JAX,2023,10,SF,JAX,11,7,3,4
2023_10_TEN_TB,2023,10,TB,TEN,11,6,4,2
2023_10_TEN_TB,2023,10,TEN,TB,11,6,6,0
2023_10_WAS_SEA,2023,10,SEA,WAS,12,9,7,2
2023_10_WAS_SEA,2023,10,WAS,SEA,11,9,6,3
2023_11_ARI_HOU,2023,11,ARI,HOU,10,6,4,2
2023_11_ARI_HOU,2023,11,HOU,ARI,11,9,6,3
2023_11_CHI_DET,2023,11,CHI,DET,11,9,7,2
2023_11_CHI_DET,2023,11,DET,CHI,11,11,6,5
2023_11_CIN_BAL,2023,11,BAL,CIN,11,8,4,4
2023_11_CIN_BAL,2023,11,CIN,BAL,11,9,7,2
2023_11_DAL_CAR,2023,11,CAR,DAL,10,9,8,1
2023_11_DAL_CAR,2023,11,DAL,CAR,10,7,4,3
2023_11_LAC_GB,2023,11,GB,LAC,11,8,5,3
2023_11_LAC_GB,2023,11,LAC,GB,11,7,5,2
2023_11_LV_MIA,2023,11,LV,MIA,13,9,8,1
2023_11_LV_MIA,2023,11,MIA,LV,14,8,6,2
2023_11_MIN_DEN,2023,11,DEN,MIN,11,10,9,1
2023_11_MIN_DEN,2023,11,MIN,DEN,10,10,8,2
2023_11_NYG_WAS,2023,11,NYG,WAS,13,12,9,3
2023_11_NYG_WAS,2023,11,WAS,NYG,14,8,6,2
2023_11_NYJ_BUF,2023,11,BUF,NYJ,12,8,5,3
2023_11_NYJ_BUF,2023,11,NYJ,BUF,11,8,7,1
2023_11_PHI_KC,2023,11,KC,PHI,12,8,6,2
2023_11_PHI_KC,2023,11,PHI,KC,12,6,3,3
2023_11_PIT_CLE,2023,11,CLE,PIT,12,7,6,1
2023_11_PIT_CLE,2023,11,PIT,CLE,13,5,4,1
2023_11_SEA_LA,2023,11,LA,SEA,11,7,5,2
2023_11_SEA_LA,2023,11,SEA,LA,11,8,7,1
2023_11_TB_SF,2023,11,SF,TB,10,7,4,3
2023_11_TB_SF,2023,11,TB,SF,10,8,6,2
2023_11_TEN_JAX,2023,11,JAX,TEN,9,8,4,4
2023_11_TEN_JAX,2023,11,TEN,JAX,9,7,5,2
2023_12_BAL_LAC,2023,12,BAL,LAC,11,7,5,2
2023_12_BAL_LAC,2023,12,LAC,BAL,11,7,6,1
2023_12_BUF_PHI,2023,12,BUF,PHI,14,12,8,4
2023_12_BUF_PHI,2023,12,PHI,BUF,14,10,5,5
2023_12_CAR_TEN,2023,12,CAR,TEN,10,3,2,1
2023_12_CAR_TEN,2023,12,TEN,CAR,11,7,5,2
2023_12_CHI_MIN,2023,12,CHI,MIN,10,7,7,0
2023_12_CHI_MIN,2023,12,MIN,CHI,11,7,6,1
2023_12_CLE_DEN,2023,12,CLE,DEN,12,9,8,1
2023_12_CLE_DEN,2023,12,DEN,CLE,12,9,6,3
2023_12_GB_DET,2023,12,DET,GB,11,8,5,3
2023_12_GB_DET,2023,12,GB,DET,12,7,4,3
2023_12_JAX_HOU,2023,12,HOU,JAX,10,8,5,3
2023_12_JAX_HOU,2023,12,JAX,HOU,11,9,7,2
2023_12_KC_LV,2023,12,KC,LV,10,7,3,4
2023_12_KC_LV,2023,12,LV,KC,10,9,7,2
2023_12_LA_ARI,2023,12,ARI,LA,11,8,6,2
2023_12_LA_ARI,2023,12,LA,ARI,10,9,4,5
2023_12_MIA_NYJ,2023,12,MIA,NYJ,12,8,5,3
2023_12_MIA_NYJ,2023,12,NYJ,MIA,11,8,7,1
2023_12_NE_NYG,2023,12,NE,NYG,12,5,4,1
2023_12_NE_NYG,2023,12,NYG,NE,12,5,4,1
2023_12_NO_ATL,2023,12,ATL,NO,10,8,6,2
2023_12_NO_ATL,2023,12,NO,ATL,10,9,9,0
2023_12_PIT_CIN,2023,12,CIN,PIT,10,5,4,1
2023_12_PIT_CIN,2023,12,PIT,CIN,10,8,7,1
2023_12_SF_SEA,2023,12,SEA,SF,11,8,8,0
2023_12_SF_SEA,2023,12,SF,SEA,12,9,5,4
2023_12_TB_IND,2023,12,IND,TB,11,8,5,3
2023_12_TB_IND,2023,12,TB,IND,10,9,7,2
2023_12_WAS_DAL,2023,12,DAL,WAS,10,8,3,5
2023_12_WAS_DAL,2023,12,WAS,DAL,11,8,7,1
2023_13_ARI_PIT,2023,13,ARI,PIT,10,8,5,3
2023_13_ARI_PIT,2023,13,PIT,ARI,11,6,5,1
2023_13_ATL_NYJ,2023,13,ATL,NYJ,14,6,5,1
2023_13_ATL_NYJ,2023,13,NYJ,ATL,13,4,4,0
2023_13_CAR_TB,2023,13,CAR,TB,13,4,2,2
2023_13_CAR_TB,2023,13,TB,CAR,13,7,4,3
2023_13_CIN_JAX,2023,13,CIN,JAX,12,11,7,4
2023_13_CIN_JAX,2023,13,JAX,CIN,12,9,5,4
2023_13_CLE_LA,2023,13,CLE,LA,12,8,6,2
2023_13_CLE_LA,2023,13,LA,CLE,13,10,6,4
2023_13_DEN_HOU,2023,13,DEN,HOU,13,9,7,2
2023_13_DEN_HOU,2023,13,HOU,DEN,13,9,7,2
2023_13_DET_NO,2023,13,DET,NO,12,10,6,4
2023_13_DET_NO,2023,13,NO,DET,12,9,5,4
2023_13_IND_TEN,2023,13,IND,TEN,14,10,8,2
2023_13_IND_TEN,2023,13,TEN,IND,16,10,7,3
2023_13_KC_GB,2023,13,GB,KC,8,7,4,3
2023_13_KC_GB,2023,13,KC,GB,8,6,4,2
2023_13_LAC_NE,2023,13,LAC,NE,11,5,5,0
2023_13_LAC_NE,2023,13,NE,LAC,11,6,6,0
2023_13_MIA_WAS,2023,13,MIA,WAS,10,8,3,5
2023_13_MIA_WAS,2023,13,WAS,MIA,11,9,7,2
2023_13_SEA_DAL,2023,13,DAL,SEA,11,10,6,4
2023_13_SEA_DAL,2023,13,SEA,DAL,10,10,5,5
2023_13_SF_PHI,2023,13,PHI,SF,9,7,5,2
2023_13_SF_PHI,2023,13,SF,PHI,9,8,2,6
2023_14_BUF_KC,2023,14,BUF,KC,11,7,5,2
2023_14_BUF_KC,2023,14,KC,BUF,10,7,5,2
2023_14_CAR_NO,2023,14,CAR,NO,12,7,7,0
2023_14_CAR_NO,2023,14,NO,CAR,12,9,6,3
2023_14_DEN_LAC,2023,14,DEN,LAC,13,6,3,3
2023_14_DEN_LAC,2023,14,LAC,DEN,13,8,7,1
2023_14_DET_CHI,2023,14,CHI,DET,12,8,5,3
2023_14_DET_CHI,2023,14,DET,CHI,11,9,7,2
2023_14_GB_NYG,2023,14,GB,NYG,11,9,7,2
2023_14_GB_NYG,2023,14,NYG,GB,12,8,5,3
2023_14_HOU_NYJ,2023,14,HOU,NYJ,13,8,7,1
2023_14_HOU_NYJ,2023,14,NYJ,HOU,13,7,4,3
2023_14_IND_CIN,2023,14,CIN,IND,11,8,4,4
2023_14_IND_CIN,2023,14,IND,CIN,11,8,7,1
2023_14_JAX_CLE,2023,14,CLE,JAX,17,8,4,4
2023_14_JAX_CLE,2023,14,JAX,CLE,17,10,6,4
2023_14_LA_BAL,2023,14,BAL,LA,14,11,8,3
2023_14_LA_BAL,2023,14,LA,BAL,13,11,8,3
2023_14_MIN_LV,2023,14,LV,MIN,13,3,3,0
2023_14_MIN_LV,2023,14,MIN,LV,11,4,4,0
2023_14_NE_PIT,2023,14,NE,PIT,13,6,3,3
2023_14_NE_PIT,2023,14,PIT,NE,14,6,4,2
2023_14_PHI_DAL,2023,14,DAL,PHI,9,7,4,3
2023_14_PHI_DAL,2023,14,PHI,DAL,10,9,9,0
2023_14_SEA_SF,2023,14,SEA,SF,12,6,4,2
2023_14_SEA_SF,2023,14,SF,SEA,12,7,3,4
2023_14_TB_ATL,2023,14,ATL,TB,13,9,6,3
2023_14_TB_ATL,2023,14,TB,ATL,12,8,5,3
2023_14_TEN_MIA,2023,14,MIA,TEN,13,9,7,2
2023_14_TEN_MIA,2023,14,TEN,MIA,13,10,7,3
2023_15_ATL_CAR,2023,15,ATL,CAR,10,4,3,1
2023_15_ATL_CAR,2023,15,CAR,ATL,10,5,5,0
2023_15_BAL_JAX,2023,15,BAL,JAX,10,8,6,2
2023_15_BAL_JAX,2023,15,JAX,BAL,10,8,7,1
2023_15_CHI_CLE,2023,15,CHI,CLE,16,9,8,1
2023_15_CHI_CLE,2023,15,CLE,CHI,17,8,6,2
2023_15_DAL_BUF,2023,15,BUF,DAL,9,6,2,4
2023_15_DAL_BUF,2023,15,DAL,BUF,8,7,6,1
2023_15_DEN_DET,2023,15,DEN,DET,11,9,7,2
2023_15_DEN_DET,2023,15,DET,DEN,10,8,2,6
2023_15_HOU_TEN,2023,15,HOU,TEN,13,8,7,1
2023_15_HOU_TEN,2023,15,TEN,HOU,13,8,7,1
2023_15_KC_NE,2023,15,KC,NE,13,9,6,3
2023_15_KC_NE,2023,15,NE,KC,14,10,8,2
2023_15_LAC_LV,2023,15,LAC,LV,15,11,8,3
2023_15_LAC_LV,2023,15,LV,LAC,15,12,5,7
2023_15_MIN_CIN,2023,15,CIN,MIN,12,8,5,3
2023_15_MIN_CIN,2023,15,MIN,CIN,10,8,5,3
2023_15_NYG_NO,2023,15,NO,NYG,9,5,2,3
2023_15_NYG_NO,2023,15,NYG,NO,9,8,8,0
2023_15_NYJ_MIA,2023,15,MIA,NYJ,10,7,4,3
2023_15_NYJ_MIA,2023,15,NYJ,MIA,11,7,7,0
2023_15_PHI_SEA,2023,15,PHI,SEA,10,6,4,2
2023_15_PHI_SEA,2023,15,SEA,PHI,10,6,4,2
2023_15_PIT_IND,2023,15,IND,PIT,11,10,7,3
2023_15_PIT_IND,2023,15,PIT,IND,12,8,6,2
2023_15_SF_ARI,2023,15,ARI,SF,10,10,7,3
2023_15_SF_ARI,2023,15,SF,ARI,11,9,4,5
2023_15_TB_GB,2023,15,GB,TB,9,8,6,2
2023_15_TB_GB,2023,15,TB,GB,9,8,4,4
2023_15_WAS_LA,2023,15,LA,WAS,12,10,7,3
2023_15_WAS_LA,2023,15,WAS,LA,12,9,6,3
2023_16_ARI_CHI,2023,16,ARI,CHI,12,7,5,2
2023_16_ARI_CHI,2023,16,CHI,ARI,11,10,7,3
2023_16_BAL_SF,2023,16,BAL,SF,12,10,7,3
2023_16_BAL_SF,2023,16,SF,BAL,11,11,9,2
2023_16_BUF_LAC,2023,16,BUF,LAC,10,9,6,3
2023_16_BUF_LAC,2023,16,LAC,BUF,12,10,9,1
2023_16_CIN_PIT,2023,16,CIN,PIT,11,8,7,1
2023_16_CIN_PIT,2023,16,PIT,CIN,11,8,4,4
2023_16_CLE_HOU,2023,16,CLE,HOU,14,9,4,6
2023_16_CLE_HOU,2023,16,HOU,CLE,13,8,5,3
2023_16_DAL_MIA,2023,16,DAL,MIA,9,7,5,2
2023_16_DAL_MIA,2023,16,MIA,DAL,9,8,7,1
2023_16_DET_MIN,2023,16,DET,MIN,11,8,4,4
2023_16_DET_MIN,2023,16,MIN,DET,10,8,5,3
2023_16_GB_CAR,2023,16,CAR,GB,10,10,6,4
2023_16_GB_CAR,2023,16,GB,CAR,10,8,4,4
2023_16_IND_ATL,2023,16,ATL,IND,10,7,5,2
2023_16_IND_ATL,2023,16,IND,ATL,11,8,7,1
2023_16_JAX_TB,2023,16,JAX,TB,10,9,7,2
2023_16_JAX_TB,2023,16,TB,JAX,11,9,6,3
2023_16_LV_KC,2023,16,KC,LV,11,7,5,2
2023_16_LV_KC,2023,16,LV,KC,12,7,7,0
2023_16_NE_DEN,2023,16,DEN,NE,15,10,6,4
2023_16_NE_DEN,2023,16,NE,DEN,14,8,5,3
2023_16_NO_LA,2023,16,LA,NO,10,10,7,3
2023_16_NO_LA,2023,16,NO,LA,10,9,6,3
2023_16_NYG_PHI,2023,16,NYG,PHI,11,10,8,2
2023_16_NYG_PHI,2023,16,PHI,NYG,12,10,6,4
2023_16_SEA_TEN,2023,16,SEA,TEN,7,5,3,2
2023_16_SEA_TEN,2023,16,TEN,SEA,8,6,4,2
2023_16_WAS_NYJ,2023,16,NYJ,WAS,16,10,7,3
2023_16_WAS_NYJ,2023,16,WAS,NYJ,15,11,7,4
2023_17_ARI_PHI,2023,17,ARI,PHI,8,8,4,4
2023_17_ARI_PHI,2023,17,PHI,ARI,8,8,5,3
2023_17_ATL_CHI,2023,17,ATL,CHI,13,8,6,2
2023_17_ATL_CHI,2023,17,CHI,ATL,13,11,7,4
2023_17_CAR_JAX,2023,17,CAR,JAX,10,7,7,0
2023_17_CAR_JAX,2023,17,JAX,CAR,11,7,5,2
2023_17_CIN_KC,2023,17,CIN,KC,10,10,8,2
2023_17_CIN_KC,2023,17,KC,CIN,10,9,8,1
2023_17_DET_DAL,2023,17,DAL,DET,12,8,6,2
2023_17_DET_DAL,2023,17,DET,DAL,11,7,5,2
2023_17_GB_MIN,2023,17,GB,MIN,10,9,5,4
2023_17_GB_MIN,2023,17,MIN,GB,11,9,8,1
2023_17_LAC_DEN,2023,17,DEN,LAC,11,8,7,1
2023_17_LAC_DEN,2023,17,LAC,DEN,10,8,8,0
2023_17_LA_NYG,2023,17,LA,NYG,14,8,4,4
2023_17_LA_NYG,2023,17,NYG,LA,14,10,8,2
2023_17_LV_IND,2023,17,IND,LV,10,7,5,2
2023_17_LV_IND,2023,17,LV,IND,9,6,4,2
2023_17_MIA_BAL,2023,17,BAL,MIA,13,10,2,8
2023_17_MIA_BAL,2023,17,MIA,BAL,12,10,8,2
2023_17_NE_BUF,2023,17,BUF,NE,13,9,7,2
2023_17_NE_BUF,2023,17,NE,BUF,13,8,5,3
2023_17_NO_TB,2023,17,NO,TB,12,6,4,2
2023_17_NO_TB,2023,17,TB,NO,12,8,6,2
2023_17_NYJ_CLE,2023,17,CLE,NYJ,13,8,4,4
2023_17_NYJ_CLE,2023,17,NYJ,CLE,14,10,9,1
2023_17_PIT_SEA,2023,17,PIT,SEA,10,8,5,3
2023_17_PIT_SEA,2023,17,SEA,PIT,9,8,6,2
2023_17_SF_WAS,2023,17,SF,WAS,9,8,5,3
2023_17_SF_WAS,2023,17,WAS,SF,9,7,6,1
2023_17_TEN_HOU,2023,17,HOU,TEN,9,6,5,1
2023_17_TEN_HOU,2023,17,TEN,HOU,10,8,8,0
2023_18_ATL_NO,2023,18,ATL,NO,13,11,9,2
2023_18_ATL_NO,2023,18,NO,ATL,12,9,3,6
2023_18_BUF_MIA,2023,18,BUF,MIA,10,8,6,2
2023_18_BUF_MIA,2023,18,MIA,BUF,9,5,3,2
2023_18_CHI_GB,2023,18,CHI,GB,6,5,5,0
2023_18_CHI_GB,2023,18,GB,CHI,7,6,4,2
2023_18_CLE_CIN,2023,18,CIN,CLE,12,9,5,4
2023_18_CLE_CIN,2023,18,CLE,CIN,13,8,6,2
2023_18_DAL_WAS,2023,18,DAL,WAS,9,9,4,5
2023_18_DAL_WAS,2023,18,WAS,DAL,10,9,8,1
2023_18_DEN_LV,2023,18,DEN,LV,10,6,4,2
2023_18_DEN_LV,2023,18,LV,DEN,10,6,3,3
2023_18_HOU_IND,2023,18,HOU,IND,11,7,4,3
2023_18_HOU_IND,2023,18,IND,HOU,13,7,6,1
2023_18_JAX_TEN,2023,18,JAX,TEN,10,9,7,2
2023_18_JAX_TEN,2023,18,TEN,JAX,10,6,2,4
2023_18_KC_LAC,2023,18,KC,LAC,11,7,7,0
2023_18_KC_LAC,2023,18,LAC,KC,11,8,8,0
2023_18_LA_SF,2023,18,LA,SF,9,6,3,3
2023_18_LA_SF,2023,18,SF,LA,8,6,3,3
2023_18_MIN_DET,2023,18,DET,MIN,11,8,4,4
2023_18_MIN_DET,2023,18,MIN,DET,11,8,6,2
2023_18_NYJ_NE,2023,18,NE,NYJ,15,6,6,0
2023_18_NYJ_NE,2023,18,NYJ,NE,14,6,5,1
2023_18_PHI_NYG,2023,18,NYG,PHI,12,9,6,3
2023_18_PHI_NYG,2023,18,PHI,NYG,13,8,7,1
2023_18_PIT_BAL,2023,18,BAL,PIT,12,4,3,1
2023_18_PIT_BAL,2023,18,PIT,BAL,12,7,5,2
2023_18_SEA_ARI,2023,18,ARI,SEA,9,8,6,2
2023_18_SEA_ARI,2023,18,SEA,ARI,9,7,5,2
2023_18_TB_CAR,2023,18,CAR,TB,9,4,4,0
2023_18_TB_CAR,2023,18,TB,CAR,10,5,5,0
2024_01_ARI_BUF,2024,1,ARI,BUF,10,8,5,3
2024_01_ARI_BUF,2024,1,BUF,ARI,10,8,4,4
2024_01_BAL_KC,2024,1,BAL,KC,10,9,7,2
2024_01_BAL_KC,2024,1,KC,BAL,10,7,4,3
2024_01_CAR_NO,2024,1,CAR,NO,13,10,9,1
2024_01_CAR_NO,2024,1,NO,CAR,11,9,4,5
2024_01_DAL_CLE,2024,1,CLE,DAL,14,10,8,2
2024_01_DAL_CLE,2024,1,DAL,CLE,15,9,7,2
2024_01_DEN_SEA,2024,1,DEN,SEA,15,12,11,1
2024_01_DEN_SEA,2024,1,SEA,DEN,15,9,6,3
2024_01_GB_PHI,2024,1,GB,PHI,11,9,6,3
2024_01_GB_PHI,2024,1,PHI,GB,11,9,5,4
2024_01_HOU_IND,2024,1,HOU,IND,10,7,4,3
2024_01_HOU_IND,2024,1,IND,HOU,9,9,5,4
2024_01_JAX_MIA,2024,1,JAX,MIA,11,7,5,2
2024_01_JAX_MIA,2024,1,MIA,JAX,11,8,6,2
2024_01_LA_DET,2024,1,DET,LA,11,9,6,3
2024_01_LA_DET,2024,1,LA,DET,10,8,6,2
2024_01_LV_LAC,2024,1,LAC,LV,13,8,6,2
2024_01_LV_LAC,2024,1,LV,LAC,13,7,6,1
2024_01_MIN_NYG,2024,1,MIN,NYG,11,5,2,3
2024_01_MIN_NYG,2024,1,NYG,MIN,11,8,8,0
2024_01_NE_CIN,2024,1,CIN,NE,8,6,5,1
2024_01_NE_CIN,2024,1,NE,CIN,10,6,5,1
2024_01_NYJ_SF,2024,1,NYJ,SF,10,9,6,3
2024_01_NYJ_SF,2024,1,SF,NYJ,10,9,7,2
2024_01_PIT_ATL,2024,1,ATL,PIT,10,8,7,1
2024_01_PIT_ATL,2024,1,PIT,ATL,10,7,7,0
2024_01_TEN_CHI,2024,1,CHI,TEN,13,9,9,0
2024_01_TEN_CHI,2024,1,TEN,CHI,13,9,7,2
2024_01_WAS_TB,2024,1,TB,WAS,9,8,4,4
2024_01_WAS_TB,2024,1,WAS,TB,9,9,6,3
2024_02_ATL_PHI,2024,2,ATL,PHI,9,6,4,2
2024_02_ATL_PHI,2024,2,PHI,ATL,9,8,6,2
2024_02_BUF_MIA,2024,2,BUF,MIA,11,9,6,3
2024_02_BUF_MIA,2024,2,MIA,BUF,10,7,6,1
2024_02_CHI_HOU,2024,2,CHI,HOU,13,7,6,1
2024_02_CHI_HOU,2024,2,HOU,CHI,13,7,6,1
2024_02_CIN_KC,2024,2,CIN,KC,10,7,5,2
2024_02_CIN_KC,2024,2,KC,CIN,10,9,7,2
2024_02_CLE_JAX,2024,2,CLE,JAX,9,8,7,1
2024_02_CLE_JAX,2024,2,JAX,CLE,10,8,7,1
2024_02_IND_GB,2024,2,GB,IND,11,8,7,1
2024_02_IND_GB,2024,2,IND,GB,10,7,6,1
2024_02_LAC_CAR,2024,2,CAR,LAC,11,6,6,0
2024_02_LAC_CAR,2024,2,LAC,CAR,12,7,4,3
2024_02_LA_ARI,2024,2,ARI,LA,9,7,2,5
2024_02_LA_ARI,2024,2,LA,ARI,10,9,8,1
2024_02_LV_BAL,2024,2,BAL,LV,12,8,6,2
2024_02_LV_BAL,2024,2,LV,BAL,12,11,9,2
2024_02_NO_DAL,2024,2,DAL,NO,10,8,7,1
2024_02_NO_DAL,2024,2,NO,DAL,10,7,1,6
2024_02_NYG_WAS,2024,2,NYG,WAS,7,7,4,3
2024_02_NYG_WAS,2024,2,WAS,NYG,8,8,8,0
2024_02_NYJ_TEN,2024,2,NYJ,TEN,11,6,3,3
2024_02_NYJ_TEN,2024,2,TEN,NYJ,11,7,5,2
2024_02_PIT_DEN,2024,2,DEN,PIT,11,6,6,0
2024_02_PIT_DEN,2024,2,PIT,DEN,11,6,5,1
2024_02_SEA_NE,2024,2,NE,SEA,12,8,6,2
2024_02_SEA_NE,2024,2,SEA,NE,12,8,6,2
2024_02_SF_MIN,2024,2,MIN,SF,11,9,7,2
2024_02_SF_MIN,2024,2,SF,MIN,10,7,5,2
2024_02_TB_DET,2024,2,DET,TB,11,11,10,1
2024_02_TB_DET,2024,2,TB,DET,11,5,3,2
2024_03_BAL_DAL,2024,3,BAL,DAL,12,9,4,5
2024_03_BAL_DAL,2024,3,DAL,BAL,11,9,6,3
2024_03_CAR_LV,2024,3,CAR,LV,12,9,5,4
2024_03_CAR_LV,2024,3,LV,CAR,12,9,6,3
2024_03_CHI_IND,2024,3,CHI,IND,12,6,4,2
2024_03_CHI_IND,2024,3,IND,CHI,12,8,5,3
2024_03_DEN_TB,2024,3,DEN,TB,10,6,4,2
2024_03_DEN_TB,2024,3,TB,DEN,11,8,7,1
2024_03_DET_ARI,2024,3,ARI,DET,11,6,5,1
2024_03_DET_ARI,2024,3,DET,ARI,11,5,2,3
2024_03_GB_TEN,2024,3,GB,TEN,11,7,5,2
2024_03_GB_TEN,2024,3,TEN,GB,11,7,5,2
2024_03_HOU_MIN,2024,3,HOU,MIN,11,9,8,1
2024_03_HOU_MIN,2024,3,MIN,HOU,11,5,1,4
2024_03_JAX_BUF,2024,3,BUF,JAX,10,8,2,6
2024_03_JAX_BUF,2024,3,JAX,BUF,10,9,8,1
2024_03_KC_ATL,2024,3,ATL,KC,10,8,6,2
2024_03_KC_ATL,2024,3,KC,ATL,10,7,5,2
2024_03_LAC_PIT,2024,3,LAC,PIT,10,6,5,1
2024_03_LAC_PIT,2024,3,PIT,LAC,10,6,4,2
2024_03_MIA_SEA,2024,3,MIA,SEA,12,7,7,0
2024_03_MIA_SEA,2024,3,SEA,MIA,12,5,2,3
2024_03_NE_NYJ,2024,3,NE,NYJ,9,6,6,0
2024_03_NE_NYJ,2024,3,NYJ,NE,8,7,4,3
2024_03_NYG_CLE,2024,3,CLE,NYG,14,7,5,2
2024_03_NYG_CLE,2024,3,NYG,CLE,14,8,4,4
2024_03_PHI_NO,2024,3,NO,PHI,10,5,4,1
2024_03_PHI_NO,2024,3,PHI,NO,10,7,5,2
2024_03_SF_LA,2024,3,LA,SF,9,8,5,3
2024_03_SF_LA,2024,3,SF,LA,9,8,5,3
2024_03_WAS_CIN,2024,3,CIN,WAS,7,7,3,4
2024_03_WAS_CIN,2024,3,WAS,CIN,8,8,3,5
2024_04_BUF_BAL,2024,4,BAL,BUF,11,8,3,5
2024_04_BUF_BAL,2024,4,BUF,BAL,11,7,6,1
2024_04_CIN_CAR,2024,4,CAR,CIN,11,8,5,3
2024_04_CIN_CAR,2024,4,CIN,CAR,10,8,4,4
2024_04_CLE_LV,2024,4,CLE,LV,10,7,6,1
2024_04_CLE_LV,2024,4,LV,CLE,11,6,4,2
2024_04_DAL_NYG,2024,4,DAL,NYG,9,7,5,2
2024_04_DAL_NYG,2024,4,NYG,DAL,9,7,7,0
2024_04_DEN_NYJ,2024,4,DEN,NYJ,13,6,5,1
2024_04_DEN_NYJ,2024,4,NYJ,DEN,13,6,6,0
2024_04_JAX_HOU,2024,4,HOU,JAX,10,7,4,3
2024_04_JAX_HOU,2024,4,JAX,HOU,12,8,6,2
2024_04_KC_LAC,2024,4,KC,LAC,11,6,4,2
2024_04_KC_LAC,2024,4,LAC,KC,10,6,5,1
2024_04_LA_CHI,2024,4,CHI,LA,10,9,6,3
2024_04_LA_CHI,2024,4,LA,CHI,10,7,6,1
2024_04_MIN_GB,2024,4,GB,MIN,15,11,7,4
2024_04_MIN_GB,2024,4,MIN,GB,15,10,6,4
2024_04_NE_SF,2024,4,NE,SF,12,8,7,1
2024_04_NE_SF,2024,4,SF,NE,12,8,5,3
2024_04_NO_ATL,2024,4,ATL,NO,10,7,6,1
2024_04_NO_ATL,2024,4,NO,ATL,10,9,6,3
2024_04_PHI_TB,2024,4,PHI,TB,10,7,5,2
2024_04_PHI_TB,2024,4,TB,PHI,11,8,4,4
2024_04_PIT_IND,2024,4,IND,PIT,11,6,3,3
2024_04_PIT_IND,2024,4,PIT,IND,11,10,7,3
2024_04_SEA_DET,2024,4,DET,SEA,11,8,2,6
2024_04_SEA_DET,2024,4,SEA,DET,11,8,4,4
2024_04_TEN_MIA,2024,4,MIA,TEN,13,8,7,1
2024_04_TEN_MIA,2024,4,TEN,MIA,13,10,8,2
2024_04_WAS_ARI,2024,4,ARI,WAS,9,8,6,2
2024_04_WAS_ARI,2024,4,WAS,ARI,9,7,2,5
2024_05_ARI_SF,2024,5,ARI,SF,10,9,7,2
2024_05_ARI_SF,2024,5,SF,ARI,10,9,8,1
2024_05_BAL_CIN,2024,5,BAL,CIN,13,9,4,5
2024_05_BAL_CIN,2024,5,CIN,BAL,13,11,6,5
2024_05_BUF_HOU,2024,5,BUF,HOU,12,7,5,2
2024_05_BUF_HOU,2024,5,HOU,BUF,13,9,7,2
2024_05_CAR_CHI,2024,5,CAR,CHI,12,8,7,1
2024_05_CAR_CHI,2024,5,CHI,CAR,12,8,3,5
2024_05_CLE_WAS,2024,5,CLE,WAS,13,10,9,1
2024_05_CLE_WAS,2024,5,WAS,CLE,12,9,5,4
2024_05_DAL_PIT,2024,5,DAL,PIT,9,8,6,2
2024_05_DAL_PIT,2024,5,PIT,DAL,12,6,4,2
2024_05_GB_LA,2024,5,GB,LA,11,7,4,3
2024_05_GB_LA,2024,5,LA,GB,10,8,6,2
2024_05_IND_JAX,2024,5,IND,JAX,13,9,5,4
2024_05_IND_JAX,2024,5,JAX,IND,12,11,7,4
2024_05_LV_DEN,2024,5,DEN,LV,13,10,7,3
2024_05_LV_DEN,2024,5,LV,DEN,12,7,5,2
2024_05_MIA_NE,2024,5,MIA,NE,11,7,6,1
2024_05_MIA_NE,2024,5,NE,MIA,11,7,6,1
2024_05_NO_KC,2024,5,KC,NO,10,8,6,2
2024_05_NO_KC,2024,5,NO,KC,10,8,6,2
2024_05_NYG_SEA,2024,5,NYG,SEA,13,11,9,2
2024_05_NYG_SEA,2024,5,SEA,NYG,12,11,10,1
2024_05_NYJ_MIN,2024,5,MIN,NYJ,14,9,8,1
2024_05_NYJ_MIN,2024,5,NYJ,MIN,13,10,8,2
2024_05_TB_ATL,2024,5,ATL,TB,11,10,6,4
2024_05_TB_ATL,2024,5,TB,ATL,10,9,6,3
2024_06_ARI_GB,2024,6,ARI,GB,10,8,7,1
2024_06_ARI_GB,2024,6,GB,ARI,11,11,7,4
2024_06_ATL_CAR,2024,6,ATL,CAR,11,9,5,4
2024_06_ATL_CAR,2024,6,CAR,ATL,10,10,8,2
2024_06_BUF_NYJ,2024,6,BUF,NYJ,9,7,4,3
2024_06_BUF_NYJ,2024,6,NYJ,BUF,9,7,5,2
2024_06_CIN_NYG,2024,6,CIN,NYG,11,4,2,2
2024_06_CIN_NYG,2024,6,NYG,CIN,11,7,6,1
2024_06_CLE_PHI,2024,6,CLE,PHI,9,6,6,0
2024_06_CLE_PHI,2024,6,PHI,CLE,10,8,6,2
2024_06_DET_DAL,2024,6,DAL,DET,11,11,11,0
2024_06_DET_DAL,2024,6,DET,DAL,12,11,6,5
2024_06_HOU_NE,2024,6,HOU,NE,14,11,6,5
2024_06_HOU_NE,2024,6,NE,HOU,14,10,7,3
2024_06_IND_TEN,2024,6,IND,TEN,10,6,4,2
2024_06_IND_TEN,2024,6,TEN,IND,11,7,5,2
2024_06_JAX_CHI,2024,6,CHI,JAX,10,8,3,5
2024_06_JAX_CHI,2024,6,JAX,CHI,10,7,5,2
2024_06_LAC_DEN,2024,6,DEN,LAC,10,9,7,2
2024_06_LAC_DEN,2024,6,LAC,DEN,11,9,7,2
2024_06_PIT_LV,2024,6,LV,PIT,11,8,6,2
2024_06_PIT_LV,2024,6,PIT,LV,11,9,6,3
2024_06_SF_SEA,2024,6,SEA,SF,12,9,6,3
2024_06_SF_SEA,2024,6,SF,SEA,12,9,5,4
2024_06_TB_NO,2024,6,NO,TB,15,12,10,2
2024_06_TB_NO,2024,6,TB,NO,15,12,6,6
2024_06_WAS_BAL,2024,6,BAL,WAS,9,8,5,3
2024_06_WAS_BAL,2024,6,WAS,BAL,9,8,6,2
2024_07_BAL_TB,2024,7,BAL,TB,11,10,4,6
2024_07_BAL_TB,2024,7,TB,BAL,12,11,7,4
2024_07_CAR_WAS,2024,7,CAR,WAS,10,9,8,1
2024_07_CAR_WAS,2024,7,WAS,CAR,10,8,5,3
2024_07_CIN_CLE,2024,7,CIN,CLE,14,6,3,3
2024_07_CIN_CLE,2024,7,CLE,CIN,14,7,5,2
2024_07_DEN_NO,2024,7,DEN,NO,12,9,7,2
2024_07_DEN_NO,2024,7,NO,DEN,12,9,8,1
2024_07_DET_MIN,2024,7,DET,MIN,11,11,7,4
2024_07_DET_MIN,2024,7,MIN,DET,12,9,7,2
2024_07_HOU_GB,2024,7,GB,HOU,11,7,4,3
2024_07_HOU_GB,2024,7,HOU,GB,12,8,6,2
2024_07_KC_SF,2024,7,KC,SF,11,8,4,4
2024_07_KC_SF,2024,7,SF,KC,11,8,6,2
2024_07_LAC_ARI,2024,7,ARI,LAC,9,5,3,2
2024_07_LAC_ARI,2024,7,LAC,ARI,8,6,6,0
2024_07_LV_LA,2024,7,LA,LV,13,9,7,2
2024_07_LV_LA,2024,7,LV,LA,13,7,7,0
2024_07_MIA_IND,2024,7,IND,MIA,13,6,5,1
2024_07_MIA_IND,2024,7,MIA,IND,12,7,6,1
2024_07_NE_JAX,2024,7,JAX,NE,9,8,5,3
2024_07_NE_JAX,2024,7,NE,JAX,9,8,6,2
2024_07_NYJ_PIT,2024,7,NYJ,PIT,12,9,7,2
2024_07_NYJ_PIT,2024,7,PIT,NYJ,11,9,5,4
2024_07_PHI_NYG,2024,7,NYG,PHI,13,6,6,0
2024_07_PHI_NYG,2024,7,PHI,NYG,13,6,2,4
2024_07_SEA_ATL,2024,7,ATL,SEA,11,7,5,2
2024_07_SEA_ATL,2024,7,SEA,ATL,10,6,3,3
2024_07_TEN_BUF,2024,7,BUF,TEN,11,8,4,4
2024_07_TEN_BUF,2024,7,TEN,BUF,12,9,8,1
2024_08_ARI_MIA,2024,8,ARI,MIA,9,8,5,3
2024_08_ARI_MIA,2024,8,MIA,ARI,9,7,4,3
2024_08_ATL_TB,2024,8,ATL,TB,10,8,4,4
2024_08_ATL_TB,2024,8,TB,ATL,11,9,6,3
2024_08_BAL_CLE,2024,8,BAL,CLE,11,9,6,3
2024_08_BAL_CLE,2024,8,CLE,BAL,12,8,5,3
2024_08_BUF_SEA,2024,8,BUF,SEA,10,8,4,4
2024_08_BUF_SEA,2024,8,SEA,BUF,9,8,7,1
2024_08_CAR_DEN,2024,8,CAR,DEN,11,8,6,2
2024_08_CAR_DEN,2024,8,DEN,CAR,12,8,4,4
2024_08_CHI_WAS,2024,8,CHI,WAS,11,8,6,2
2024_08_CHI_WAS,2024,8,WAS,CHI,12,7,6,1
2024_08_DAL_SF,2024,8,DAL,SF,12,10,7,3
2024_08_DAL_SF,2024,8,SF,DAL,12,9,6,3
2024_08_GB_JAX,2024,8,GB,JAX,13,10,7,3
2024_08_GB_JAX,2024,8,JAX,GB,13,9,6,3
2024_08_IND_HOU,2024,8,HOU,IND,13,7,5,2
2024_08_IND_HOU,2024,8,IND,HOU,13,7,5,2
2024_08_KC_LV,2024,8,KC,LV,9,8,5,3
2024_08_KC_LV,2024,8,LV,KC,9,9,7,2
2024_08_MIN_LA,2024,8,LA,MIN,9,6,2,4
2024_08_MIN_LA,2024,8,MIN,LA,9,6,4,2
2024_08_NO_LAC,2024,8,LAC,NO,13,7,4,3
2024_08_NO_LAC,2024,8,NO,LAC,13,9,9,0
2024_08_NYG_PIT,2024,8,NYG,PIT,11,10,9,1
2024_08_NYG_PIT,2024,8,PIT,NYG,12,8,7,1
2024_08_NYJ_NE,2024,8,NE,NYJ,10,8,5,3
2024_08_NYJ_NE,2024,8,NYJ,NE,10,7,4,3
2024_08_PHI_CIN,2024,8,CIN,PHI,9,8,6,2
2024_08_PHI_CIN,2024,8,PHI,CIN,8,8,4,4
2024_08_TEN_DET,2024,8,DET,TEN,14,9,3,6
2024_08_TEN_DET,2024,8,TEN,DET,14,10,8,2
2024_09_CHI_ARI,2024,9,ARI,CHI,11,7,4,3
2024_09_CHI_ARI,2024,9,CHI,ARI,12,7,7,0
2024_09_DAL_ATL,2024,9,ATL,DAL,11,8,4,4
2024_09_DAL_ATL,2024,9,DAL,ATL,11,8,6,2
2024_09_DEN_BAL,2024,9,BAL,DEN,10,8,3,5
2024_09_DEN_BAL,2024,9,DEN,BAL,10,9,8,1
2024_09_DET_GB,2024,9,DET,GB,9,6,4,2
2024_09_DET_GB,2024,9,GB,DET,9,9,8,1
2024_09_HOU_NYJ,2024,9,HOU,NYJ,10,7,6,1
2024_09_HOU_NYJ,2024,9,NYJ,HOU,10,6,3,3
2024_09_IND_MIN,2024,9,IND,MIN,11,7,7,0
2024_09_IND_MIN,2024,9,MIN,IND,11,8,5,3
2024_09_JAX_PHI,2024,9,JAX,PHI,12,8,6,2
2024_09_JAX_PHI,2024,9,PHI,JAX,13,10,6,4
2024_09_LAC_CLE,2024,9,CLE,LAC,13,7,6,1
2024_09_LAC_CLE,2024,9,LAC,CLE,14,7,3,4
2024_09_LA_SEA,2024,9,LA,SEA,15,8,7,2
2024_09_LA_SEA,2024,9,SEA,LA,16,9,6,3
2024_09_LV_CIN,2024,9,CIN,LV,13,9,4,5
2024_09_LV_CIN,2024,9,LV,CIN,12,10,8,2
2024_09_MIA_BUF,2024,9,BUF,MIA,8,8,5,3
2024_09_MIA_BUF,2024,9,MIA,BUF,9,8,5,3
2024_09_NE_TEN,2024,9,NE,TEN,11,7,5,2
2024_09_NE_TEN,2024,9,TEN,NE,12,7,5,2
2024_09_NO_CAR,2024,9,CAR,NO,11,9,6,3
2024_09_NO_CAR,2024,9,NO,CAR,11,7,5,2
2024_09_TB_KC,2024,9,KC,TB,11,8,4,4
2024_09_TB_KC,2024,9,TB,KC,9,7,4,3
2024_09_WAS_NYG,2024,9,NYG,WAS,8,8,5,3
2024_09_WAS_NYG,2024,9,WAS,NYG,8,7,4,3
2024_10_ATL_NO,2024,10,ATL,NO,11,7,5,2
2024_10_ATL_NO,2024,10,NO,ATL,12,7,5,2
2024_10_BUF_IND,2024,10,BUF,IND,12,10,8,2
2024_10_BUF_IND,2024,10,IND,BUF,11,9,7,2
2024_10_CIN_BAL,2024,10,BAL,CIN,12,10,5,5
2024_10_CIN_BAL,2024,10,CIN,BAL,11,8,3,5
2024_10_DEN_KC,2024,10,DEN,KC,9,6,4,2
2024_10_DEN_KC,2024,10,KC,DEN,9,5,4,1
2024_10_DET_HOU,2024,10,DET,HOU,14,11,8,3
2024_10_DET_HOU,2024,10,HOU,DET,14,9,7,2
2024_10_MIA_LA,2024,10,LA,MIA,11,7,7,0
2024_10_MIA_LA,2024,10,MIA,LA,11,7,5,2
2024_10_MIN_JAX,2024,10,JAX,MIN,10,5,4,1
2024_10_MIN_JAX,2024,10,MIN,JAX,10,7,7,0
2024_10_NE_CHI,2024,10,CHI,NE,11,6,6,0
2024_10_NE_CHI,2024,10,NE,CHI,12,6,5,1
2024_10_NYG_CAR,2024,10,CAR,NYG,13,7,5,2
2024_10_NYG_CAR,2024,10,NYG,CAR,13,9,7,2
2024_10_NYJ_ARI,2024,10,ARI,NYJ,7,5,1,4
2024_10_NYJ_ARI,2024,10,NYJ,ARI,6,6,6,0
2024_10_PHI_DAL,2024,10,DAL,PHI,13,9,9,0
2024_10_PHI_DAL,2024,10,PHI,DAL,14,8,4,4
2024_10_PIT_WAS,2024,10,PIT,WAS,14,10,6,4
2024_10_PIT_WAS,2024,10,WAS,PIT,12,8,5,3
2024_10_SF_TB,2024,10,SF,TB,10,9,7,2
2024_10_SF_TB,2024,10,TB,SF,11,7,5,2
2024_10_TEN_LAC,2024,10,LAC,TEN,9,7,4,3
2024_10_TEN_LAC,2024,10,TEN,LAC,9,7,5,2
2024_11_ATL_DEN,2024,11,ATL,DEN,10,8,8,0
2024_11_ATL_DEN,2024,11,DEN,ATL,9,7,2,5
2024_11_BAL_PIT,2024,11,BAL,PIT,13,10,8,2
2024_11_BAL_PIT,2024,11,PIT,BAL,13,9,9,0
2024_11_CIN_LAC,2024,11,CIN,LAC,13,11,8,3
2024_11_CIN_LAC,2024,11,LAC,CIN,13,10,6,4
2024_11_CLE_NO,2024,11,CLE,NO,11,9,7,2
2024_11_CLE_NO,2024,11,NO,CLE,11,10,5,5
2024_11_GB_CHI,2024,11,CHI,GB,7,5,3,2
2024_11_GB_CHI,2024,11,GB,CHI,7,7,4,3
2024_11_HOU_DAL,2024,11,DAL,HOU,12,8,7,1
2024_11_HOU_DAL,2024,11,HOU,DAL,11,8,5,3
2024_11_IND_NYJ,2024,11,IND,NYJ,12,9,6,3
2024_11_IND_NYJ,2024,11,NYJ,IND,12,10,7,3
2024_11_JAX_DET,2024,11,DET,JAX,9,8,1,7
2024_11_JAX_DET,2024,11,JAX,DET,9,9,9,0
2024_11_KC_BUF,2024,11,BUF,KC,10,7,3,4
2024_11_KC_BUF,2024,11,KC,BUF,9,7,4,3
2024_11_LA_NE,2024,11,LA,NE,10,8,4,4
2024_11_LA_NE,2024,11,NE,LA,9,8,6,2
2024_11_LV_MIA,2024,11,LV,MIA,7,7,5,2
2024_11_LV_MIA,2024,11,MIA,LV,7,7,3,4
2024_11_MIN_TEN,2024,11,MIN,TEN,12,7,4,3
2024_11_MIN_TEN,2024,11,TEN,MIN,11,7,6,1
2024_11_SEA_SF,2024,11,SEA,SF,8,7,5,2
2024_11_SEA_SF,2024,11,SF,SEA,9,6,4,2
2024_11_WAS_PHI,2024,11,PHI,WAS,11,9,6,3
2024_11_WAS_PHI,2024,11,WAS,PHI,11,7,5,2
2024_12_ARI_SEA,2024,12,ARI,SEA,10,6,6,0
2024_12_ARI_SEA,2024,12,SEA,ARI,11,6,5,1
2024_12_BAL_LAC,2024,12,BAL,LAC,9,7,3,4
2024_12_BAL_LAC,2024,12,LAC,BAL,9,8,6,2
2024_12_DAL_WAS,2024,12,DAL,WAS,15,9,5,4
2024_12_DAL_WAS,2024,12,WAS,DAL,16,11,8,3
2024_12_DEN_LV,2024,12,DEN,LV,11,9,7,2
2024_12_DEN_LV,2024,12,LV,DEN,12,8,7,1
2024_12_DET_IND,2024,12,DET,IND,10,6,3,3
2024_12_DET_IND,2024,12,IND,DET,10,5,5,0
2024_12_KC_CAR,2024,12,CAR,KC,9,7,5,2
2024_12_KC_CAR,2024,12,KC,CAR,8,7,4,3
2024_12_MIN_CHI,2024,12,CHI,MIN,14,11,8,3
2024_12_MIN_CHI,2024,12,MIN,CHI,13,8,5,3
2024_12_NE_MIA,2024,12,MIA,NE,13,10,6,4
2024_12_NE_MIA,2024,12,NE,MIA,13,9,8,1
2024_12_PHI_LA,2024,12,LA,PHI,10,8,5,3
2024_12_PHI_LA,2024,12,PHI,LA,10,9,5,4
2024_12_PIT_CLE,2024,12,CLE,PIT,10,7,4,3
2024_12_PIT_CLE,2024,12,PIT,CLE,11,8,6,2
2024_12_SF_GB,2024,12,GB,SF,11,9,4,5
2024_12_SF_GB,2024,12,SF,GB,12,7,6,1
2024_12_TB_NYG,2024,12,NYG,TB,10,7,6,1
2024_12_TB_NYG,2024,12,TB,NYG,9,7,3,4
2024_12_TEN_HOU,2024,12,HOU,TEN,14,9,7,2
2024_12_TEN_HOU,2024,12,TEN,HOU,14,10,7,3
2024_13_ARI_MIN,2024,13,ARI,MIN,10,10,9,1
2024_13_ARI_MIN,2024,13,MIN,ARI,10,7,5,2
2024_13_CHI_DET,2024,13,CHI,DET,10,8,5,3
2024_13_CHI_DET,2024,13,DET,CHI,9,9,7,2
2024_13_CLE_DEN,2024,13,CLE,DEN,15,11,7,4
2024_13_CLE_DEN,2024,13,DEN,CLE,16,12,9,3
2024_13_HOU_JAX,2024,13,HOU,JAX,11,9,7,2
2024_13_HOU_JAX,2024,13,JAX,HOU,10,8,6,2
2024_13_IND_NE,2024,13,IND,NE,9,7,4,3
2024_13_IND_NE,2024,13,NE,IND,9,8,6,2
2024_13_LAC_ATL,2024,13,ATL,LAC,10,9,8,1
2024_13_LAC_ATL,2024,13,LAC,ATL,11,7,7,0
2024_13_LA_NO,2024,13,LA,NO,9,6,3,3
2024_13_LA_NO,2024,13,NO,LA,8,5,4,1
2024_13_LV_KC,2024,13,KC,LV,12,8,7,1
2024_13_LV_KC,2024,13,LV,KC,11,9,7,2
2024_13_MIA_GB,2024,13,GB,MIA,10,10,7,3
2024_13_MIA_GB,2024,13,MIA,GB,9,7,5,2
2024_13_NYG_DAL,2024,13,DAL,NYG,12,8,6,2
2024_13_NYG_DAL,2024,13,NYG,DAL,12,8,6,2
2024_13_PHI_BAL,2024,13,BAL,PHI,11,8,6,2
2024_13_PHI_BAL,2024,13,PHI,BAL,12,9,6,3
2024_13_PIT_CIN,2024,13,CIN,PIT,11,10,6,4
2024_13_PIT_CIN,2024,13,PIT,CIN,12,10,6,4
2024_13_SEA_NYJ,2024,13,NYJ,SEA,12,9,6,3
2024_13_SEA_NYJ,2024,13,SEA,NYJ,11,7,4,3
2024_13_SF_BUF,2024,13,BUF,SF,10,9,4,5
2024_13_SF_BUF,2024,13,SF,BUF,10,7,6,1
2024_13_TB_CAR,2024,13,CAR,TB,14,10,8,2
2024_13_TB_CAR,2024,13,TB,CAR,15,10,8,2
2024_13_TEN_WAS,2024,13,TEN,WAS,11,11,8,3
2024_13_TEN_WAS,2024,13,WAS,TEN,12,12,6,6
2024_14_ATL_MIN,2024,14,ATL,MIN,10,8,5,3
2024_14_ATL_MIN,2024,14,MIN,ATL,11,9,3,6
2024_14_BUF_LA,2024,14,BUF,LA,9,9,3,6
2024_14_BUF_LA,2024,14,LA,BUF,10,9,4,5
2024_14_CAR_PHI,2024,14,CAR,PHI,9,7,5,2
2024_14_CAR_PHI,2024,14,PHI,CAR,9,5,2,3
2024_14_CHI_SF,2024,14,CHI,SF,10,8,6,2
2024_14_CHI_SF,2024,14,SF,CHI,10,7,2,5
2024_14_CIN_DAL,2024,14,CIN,DAL,12,7,4,3
2024_14_CIN_DAL,2024,14,DAL,CIN,10,9,7,2
2024_14_CLE_PIT,2024,14,CLE,PIT,12,7,5,2
2024_14_CLE_PIT,2024,14,PIT,CLE,14,8,5,3
2024_14_GB_DET,2024,14,DET,GB,10,7,3,4
2024_14_GB_DET,2024,14,GB,DET,10,8,4,4
2024_14_JAX_TEN,2024,14,JAX,TEN,9,5,4,1
2024_14_JAX_TEN,2024,14,TEN,JAX,9,5,5,0
2024_14_LAC_KC,2024,14,KC,LAC,9,6,5,1
2024_14_LAC_KC,2024,14,LAC,KC,9,6,4,2
2024_14_LV_TB,2024,14,LV,TB,11,7,6,1
2024_14_LV_TB,2024,14,TB,LV,10,6,2,4
2024_14_NO_NYG,2024,14,NO,NYG,14,6,4,2
2024_14_NO_NYG,2024,14,NYG,NO,13,6,5,1
2024_14_NYJ_MIA,2024,14,MIA,NYJ,10,8,5,3
2024_14_NYJ_MIA,2024,14,NYJ,MIA,10,9,7,2
2024_14_SEA_ARI,2024,14,ARI,SEA,12,8,6,2
2024_14_SEA_ARI,2024,14,SEA,ARI,11,9,6,3
2024_15_ATL_LV,2024,15,ATL,LV,11,9,8,1
2024_15_ATL_LV,2024,15,LV,ATL,12,6,5,1
2024_15_BAL_NYG,2024,15,BAL,NYG,9,8,3,5
2024_15_BAL_NYG,2024,15,NYG,BAL,9,6,4,2
2024_15_BUF_DET,2024,15,BUF,DET,12,10,4,6
2024_15_BUF_DET,2024,15,DET,BUF,11,10,4,6
2024_15_CHI_MIN,2024,15,CHI,MIN,11,10,9,1
2024_15_CHI_MIN,2024,15,MIN,CHI,10,8,5,3
2024_15_CIN_TEN,2024,15,CIN,TEN,10,9,5,4
2024_15_CIN_TEN,2024,15,TEN,CIN,12,11,7,4
2024_15_DAL_CAR,2024,15,CAR,DAL,10,9,7,2
2024_15_DAL_CAR,2024,15,DAL,CAR,11,9,6,3
2024_15_GB_SEA,2024,15,GB,SEA,12,7,4,3
2024_15_GB_SEA,2024,15,SEA,GB,12,8,7,1
2024_15_IND_DEN,2024,15,DEN,IND,16,9,6,3
2024_15_IND_DEN,2024,15,IND,DEN,15,8,7,1
2024_15_KC_CLE,2024,15,CLE,KC,14,5,4,1
2024_15_KC_CLE,2024,15,KC,CLE,15,7,4,3
2024_15_LA_SF,2024,15,LA,SF,11,6,6,0
2024_15_LA_SF,2024,15,SF,LA,11,7,7,0
2024_15_MIA_HOU,2024,15,HOU,MIA,11,7,5,2
2024_15_MIA_HOU,2024,15,MIA,HOU,10,6,5,1
2024_15_NE_ARI,2024,15,ARI,NE,9,7,4,3
2024_15_NE_ARI,2024,15,NE,ARI,9,8,6,2
2024_15_NYJ_JAX,2024,15,JAX,NYJ,10,9,7,2
2024_15_NYJ_JAX,2024,15,NYJ,JAX,10,7,3,4
2024_15_PIT_PHI,2024,15,PHI,PIT,9,8,5,3
2024_15_PIT_PHI,2024,15,PIT,PHI,9,8,7,1
2024_15_TB_LAC,2024,15,LAC,TB,11,10,8,2
2024_15_TB_LAC,2024,15,TB,LAC,11,11,7,4
2024_15_WAS_NO,2024,15,NO,WAS,9,7,5,2
2024_15_WAS_NO,2024,15,WAS,NO,9,6,4,2
2024_16_ARI_CAR,2024,16,ARI,CAR,11,7,4,3
2024_16_ARI_CAR,2024,16,CAR,ARI,12,11,6,5
2024_16_CLE_CIN,2024,16,CIN,CLE,11,7,4,3
2024_16_CLE_CIN,2024,16,CLE,CIN,10,6,5,1
2024_16_DEN_LAC,2024,16,DEN,LAC,10,7,4,3
2024_16_DEN_LAC,2024,16,LAC,DEN,11,9,5,4
2024_16_DET_CHI,2024,16,CHI,DET,9,9,7,2
2024_16_DET_CHI,2024,16,DET,CHI,10,8,4,4
2024_16_HOU_KC,2024,16,HOU,KC,9,8,6,2
2024_16_HOU_KC,2024,16,KC,HOU,9,9,6,3
2024_16_JAX_LV,2024,16,JAX,LV,12,7,5,2
2024_16_JAX_LV,2024,16,LV,JAX,13,6,4,2
2024_16_LA_NYJ,2024,16,LA,NYJ,8,7,5,2
2024_16_LA_NYJ,2024,16,NYJ,LA,7,6,5,1
2024_16_MIN_SEA,2024,16,MIN,SEA,13,7,4,3
2024_16_MIN_SEA,2024,16,SEA,MIN,12,9,6,3
2024_16_NE_BUF,2024,16,BUF,NE,10,7,5,2
2024_16_NE_BUF,2024,16,NE,BUF,10,7,4,3
2024_16_NO_GB,2024,16,GB,NO,9,5,1,4
2024_16_NO_GB,2024,16,NO,GB,9,8,8,0
2024_16_NYG_ATL,2024,16,ATL,NYG,11,8,6,2
2024_16_NYG_ATL,2024,16,NYG,ATL,11,9,8,1
2024_16_PHI_WAS,2024,16,PHI,WAS,14,10,7,3
2024_16_PHI_WAS,2024,16,WAS,PHI,14,11,6,5
2024_16_PIT_BAL,2024,16,BAL,PIT,11,9,6,3
2024_16_PIT_BAL,2024,16,PIT,BAL,11,9,7,2
2024_16_SF_MIA,2024,16,MIA,SF,11,9,7,2
2024_16_SF_MIA,2024,16,SF,MIA,10,8,6,2
2024_16_TB_DAL,2024,16,DAL,TB,12,9,7,2
2024_16_TB_DAL,2024,16,TB,DAL,11,8,5,3
2024_16_TEN_IND,2024,16,IND,TEN,13,10,5,5
2024_16_TEN_IND,2024,16,TEN,IND,13,11,7,4
2024_17_ARI_LA,2024,17,ARI,LA,10,7,6,1
2024_17_ARI_LA,2024,17,LA,ARI,10,5,4,1
2024_17_ATL_WAS,2024,17,ATL,WAS,9,7,4,3
2024_17_ATL_WAS,2024,17,WAS,ATL,10,10,6,4
2024_17_BAL_HOU,2024,17,BAL,HOU,10,5,1,4
2024_17_BAL_HOU,2024,17,HOU,BAL,11,7,7,0
2024_17_CAR_TB,2024,17,CAR,TB,10,10,8,2
2024_17_CAR_TB,2024,17,TB,CAR,10,10,5,5
2024_17_DAL_PHI,2024,17,DAL,PHI,10,7,6,1
2024_17_DAL_PHI,2024,17,PHI,DAL,11,8,4,4
2024_17_DEN_CIN,2024,17,CIN,DEN,11,11,7,4
2024_17_DEN_CIN,2024,17,DEN,CIN,10,5,2,3
2024_17_DET_SF,2024,17,DET,SF,10,9,4,5
2024_17_DET_SF,2024,17,SF,DET,9,9,4,5
2024_17_GB_MIN,2024,17,GB,MIN,10,9,6,3
2024_17_GB_MIN,2024,17,MIN,GB,11,8,5,3
2024_17_IND_NYG,2024,17,IND,NYG,12,11,7,4
2024_17_IND_NYG,2024,17,NYG,IND,13,10,4,6
2024_17_KC_PIT,2024,17,KC,PIT,10,6,2,4
2024_17_KC_PIT,2024,17,PIT,KC,11,8,7,1
2024_17_LAC_NE,2024,17,LAC,NE,10,9,5,4
2024_17_LAC_NE,2024,17,NE,LAC,11,9,8,1
2024_17_LV_NO,2024,17,LV,NO,11,5,3,2
2024_17_LV_NO,2024,17,NO,LV,11,9,8,1
2024_17_MIA_CLE,2024,17,CLE,MIA,12,5,5,0
2024_17_MIA_CLE,2024,17,MIA,CLE,13,5,3,2
2024_17_NYJ_BUF,2024,17,BUF,NYJ,11,8,3,5
2024_17_NYJ_BUF,2024,17,NYJ,BUF,10,9,7,2
2024_17_SEA_CHI,2024,17,CHI,SEA,10,4,4,0
2024_17_SEA_CHI,2024,17,SEA,CHI,10,2,2,0
2024_17_TEN_JAX,2024,17,JAX,TEN,8,6,4,2
2024_17_TEN_JAX,2024,17,TEN,JAX,8,6,5,1
2024_18_BUF_NE,2024,18,BUF,NE,10,7,5,2
2024_18_BUF_NE,2024,18,NE,BUF,10,8,6,2
2024_18_CAR_ATL,2024,18,ATL,CAR,11,8,3,5
2024_18_CAR_ATL,2024,18,CAR,ATL,11,11,5,6
2024_18_CHI_GB,2024,18,CHI,GB,12,9,7,2
2024_18_CHI_GB,2024,18,GB,CHI,13,8,6,2
2024_18_CIN_PIT,2024,18,CIN,PIT,11,9,8,1
2024_18_CIN_PIT,2024,18,PIT,CIN,11,7,5,2
2024_18_CLE_BAL,2024,18,BAL,CLE,12,7,3,4
2024_18_CLE_BAL,2024,18,CLE,BAL,12,7,6,1
2024_18_HOU_TEN,2024,18,HOU,TEN,11,6,4,2
2024_18_HOU_TEN,2024,18,TEN,HOU,10,6,5,1
2024_18_JAX_IND,2024,18,IND,JAX,13,9,7,2
2024_18_JAX_IND,2024,18,JAX,IND,13,9,7,2
2024_18_KC_DEN,2024,18,DEN,KC,8,6,1,5
2024_18_KC_DEN,2024,18,KC,DEN,9,7,7,0
2024_18_LAC_LV,2024,18,LAC,LV,10,9,6,3
2024_18_LAC_LV,2024,18,LV,LAC,10,9,7,2
2024_18_MIA_NYJ,2024,18,MIA,NYJ,12,8,6,2
2024_18_MIA_NYJ,2024,18,NYJ,MIA,12,8,4,4
2024_18_MIN_DET,2024,18,DET,MIN,11,8,4,4
2024_18_MIN_DET,2024,18,MIN,DET,11,9,9,0
2024_18_NO_TB,2024,18,NO,TB,9,8,7,1
2024_18_NO_TB,2024,18,TB,NO,10,8,5,3
2024_18_NYG_PHI,2024,18,NYG,PHI,9,8,7,1
2024_18_NYG_PHI,2024,18,PHI,NYG,10,8,6,2
2024_18_SEA_LA,2024,18,LA,SEA,10,8,6,2
2024_18_SEA_LA,2024,18,SEA,LA,10,7,3,4
2024_18_SF_ARI,2024,18,ARI,SF,12,10,4,6
2024_18_SF_ARI,2024,18,SF,ARI,12,10,7,3
2024_18_WAS_DAL,2024,18,DAL,WAS,11,7,6,1
2024_18_WAS_DAL,2024,18,WAS,DAL,10,7,4,3
2025_01_ARI_NO,2025,1,ARI,NO,9,7,5,2
2025_01_ARI_NO,2025,1,NO,ARI,10,7,6,1
2025_01_BAL_BUF,2025,1,BAL,BUF,11,10,5,5
2025_01_BAL_BUF,2025,1,BUF,BAL,12,11,6,5
2025_01_CAR_JAX,2025,1,CAR,JAX,10,7,6,1
2025_01_CAR_JAX,2025,1,JAX,CAR,10,7,5,2
2025_01_CIN_CLE,2025,1,CIN,CLE,10,6,4,2
2025_01_CIN_CLE,2025,1,CLE,CIN,10,5,3,2
2025_01_DAL_PHI,2025,1,DAL,PHI,8,5,3,2
2025_01_DAL_PHI,2025,1,PHI,DAL,8,5,2,3
2025_01_DET_GB,2025,1,DET,GB,9,6,5,1
2025_01_DET_GB,2025,1,GB,DET,9,7,4,3
2025_01_HOU_LA,2025,1,HOU,LA,9,6,6,0
2025_01_HOU_LA,2025,1,LA,HOU,9,5,3,2
2025_01_KC_LAC,2025,1,KC,LAC,8,7,5,2
2025_01_KC_LAC,2025,1,LAC,KC,8,7,4,3
2025_01_LV_NE,2025,1,LV,NE,12,7,5,2
2025_01_LV_NE,2025,1,NE,LV,11,9,8,1
2025_01_MIA_IND,2025,1,IND,MIA,7,7,4,3
2025_01_MIA_IND,2025,1,MIA,IND,7,7,6,1
2025_01_MIN_CHI,2025,1,CHI,MIN,15,10,8,2
2025_01_MIN_CHI,2025,1,MIN,CHI,13,10,7,3
2025_01_NYG_WAS,2025,1,NYG,WAS,9,5,5,0
2025_01_NYG_WAS,2025,1,WAS,NYG,10,8,5,3
2025_01_PIT_NYJ,2025,1,NYJ,PIT,11,9,4,5
2025_01_PIT_NYJ,2025,1,PIT,NYJ,11,8,4,4
2025_01_SF_SEA,2025,1,SEA,SF,10,6,5,1
2025_01_SF_SEA,2025,1,SF,SEA,11,8,6,2
2025_01_TB_ATL,2025,1,ATL,TB,10,6,4,2
2025_01_TB_ATL,2025,1,TB,ATL,10,8,5,3
2025_01_TEN_DEN,2025,1,DEN,TEN,14,9,7,2
2025_01_TEN_DEN,2025,1,TEN,DEN,14,9,9,0
2025_02_ATL_MIN,2025,2,ATL,MIN,11,7,6,1
2025_02_ATL_MIN,2025,2,MIN,ATL,10,8,8,0
2025_02_BUF_NYJ,2025,2,BUF,NYJ,11,8,5,3
2025_02_BUF_NYJ,2025,2,NYJ,BUF,10,8,7,1
2025_02_CAR_ARI,2025,2,ARI,CAR,10,9,7,2
2025_02_CAR_ARI,2025,2,CAR,ARI,10,9,6,3
2025_02_CHI_DET,2025,2,CHI,DET,13,9,6,3
2025_02_CHI_DET,2025,2,DET,CHI,12,9,2,7
2025_02_CLE_BAL,2025,2,BAL,CLE,13,9,5,4
2025_02_CLE_BAL,2025,2,CLE,BAL,12,9,7,2
2025_02_DEN_IND,2025,2,DEN,IND,9,9,5,4
2025_02_DEN_IND,2025,2,IND,DEN,10,8,6,2
2025_02_JAX_CIN,2025,2,CIN,JAX,11,9,5,4
2025_02_JAX_CIN,2025,2,JAX,CIN,12,9,6,3
2025_02_LAC_LV,2025,2,LAC,LV,11,9,7,2
2025_02_LAC_LV,2025,2,LV,LAC,10,6,6,0
2025_02_LA_TEN,2025,2,LA,TEN,11,8,4,4
2025_02_LA_TEN,2025,2,TEN,LA,11,10,9,1
2025_02_NE_MIA,2025,2,MIA,NE,9,9,7,2
2025_02_NE_MIA,2025,2,NE,MIA,10,8,4,4
2025_02_NYG_DAL,2025,2,DAL,NYG,14,12,8,4
2025_02_NYG_DAL,2025,2,NYG,DAL,12,9,5,4
2025_02_PHI_KC,2025,2,KC,PHI,9,7,5,2
2025_02_PHI_KC,2025,2,PHI,KC,10,7,5,2
2025_02_SEA_PIT,2025,2,PIT,SEA,13,8,7,1
2025_02_SEA_PIT,2025,2,SEA,PIT,12,8,5,3
2025_02_SF_NO,2025,2,NO,SF,11,8,5,3
2025_02_SF_NO,2025,2,SF,NO,11,8,5,3
2025_02_TB_HOU,2025,2,HOU,TB,11,7,5,2
2025_02_TB_HOU,2025,2,TB,HOU,10,6,3,3
2025_02_WAS_GB,2025,2,GB,WAS,12,8,5,3
2025_02_WAS_GB,2025,2,WAS,GB,11,7,5,2
2025_03_ARI_SF,2025,3,ARI,SF,10,7,6,1
2025_03_ARI_SF,2025,3,SF,ARI,10,7,6,1
2025_03_ATL_CAR,2025,3,ATL,CAR,11,8,8,0
2025_03_ATL_CAR,2025,3,CAR,ATL,10,7,5,2
2025_03_CIN_MIN,2025,3,CIN,MIN,13,9,8,1
2025_03_CIN_MIN,2025,3,MIN,CIN,14,9,5,4
2025_03_DAL_CHI,2025,3,CHI,DAL,10,7,3,4
2025_03_DAL_CHI,2025,3,DAL,CHI,10,9,8,1
2025_03_DEN_LAC,2025,3,DEN,LAC,12,7,5,2
2025_03_DEN_LAC,2025,3,LAC,DEN,12,9,7,2
2025_03_DET_BAL,2025,3,BAL,DET,10,8,4,4
2025_03_DET_BAL,2025,3,DET,BAL,11,10,5,5
2025_03_GB_CLE,2025,3,CLE,GB,10,5,4,1
2025_03_GB_CLE,2025,3,GB,CLE,10,5,4,1
2025_03_HOU_JAX,2025,3,HOU,JAX,13,9,8,1
2025_03_HOU_JAX,2025,3,JAX,HOU,13,6,4,2
2025_03_IND_TEN,2025,3,IND,TEN,10,10,6,4
2025_03_IND_TEN,2025,3,TEN,IND,9,7,5,2
2025_03_KC_NYG,2025,3,KC,NYG,10,6,4,2
2025_03_KC_NYG,2025,3,NYG,KC,9,8,7,1
2025_03_LA_PHI,2025,3,LA,PHI,11,11,9,2
2025_03_LA_PHI,2025,3,PHI,LA,12,10,6,4
2025_03_LV_WAS,2025,3,LV,WAS,12,8,5,3
2025_03_LV_WAS,2025,3,WAS,LV,12,9,5,4
2025_03_MIA_BUF,2025,3,BUF,MIA,9,7,3,4
2025_03_MIA_BUF,2025,3,MIA,BUF,9,8,5,3
2025_03_NO_SEA,2025,3,NO,SEA,12,9,8,1
2025_03_NO_SEA,2025,3,SEA,NO,12,9,5,4
2025_03_NYJ_TB,2025,3,NYJ,TB,12,9,7,2
2025_03_NYJ_TB,2025,3,TB,NYJ,12,8,7,1
2025_03_PIT_NE,2025,3,NE,PIT,9,8,6,2
2025_03_PIT_NE,2025,3,PIT,NE,10,6,3,3
2025_04_BAL_KC,2025,4,BAL,KC,10,10,8,2
2025_04_BAL_KC,2025,4,KC,BAL,10,8,4,4
2025_04_CAR_NE,2025,4,CAR,NE,11,8,6,2
2025_04_CAR_NE,2025,4,NE,CAR,11,8,3,5
2025_04_CHI_LV,2025,4,CHI,LV,11,10,8,2
2025_04_CHI_LV,2025,4,LV,CHI,11,8,5,3
2025_04_CIN_DEN,2025,4,CIN,DEN,10,5,5,0
2025_04_CIN_DEN,2025,4,DEN,CIN,10,7,3,4
2025_04_CLE_DET,2025,4,CLE,DET,14,10,9,1
2025_04_CLE_DET,2025,4,DET,CLE,14,8,5,3
2025_04_GB_DAL,2025,4,DAL,GB,11,9,4,5
2025_04_GB_DAL,2025,4,GB,DAL,11,9,4,5
2025_04_IND_LA,2025,4,IND,LA,12,9,7,2
2025_04_IND_LA,2025,4,LA,IND,12,8,5,3
2025_04_JAX_SF,2025,4,JAX,SF,12,10,8,2
2025_04_JAX_SF,2025,4,SF,JAX,11,8,6,2
2025_04_LAC_NYG,2025,4,LAC,NYG,11,5,3,2
2025_04_LAC_NYG,2025,4,NYG,LAC,11,8,6,2
2025_04_MIN_PIT,2025,4,MIN,PIT,10,8,6,2
2025_04_MIN_PIT,2025,4,PIT,MIN,11,10,7,3
2025_04_NO_BUF,2025,4,BUF,NO,11,8,4,4
2025_04_NO_BUF,2025,4,NO,BUF,10,9,7,2
2025_04_NYJ_MIA,2025,4,MIA,NYJ,9,7,4,3
2025_04_NYJ_MIA,2025,4,NYJ,MIA,10,7,4,3
2025_04_PHI_TB,2025,4,PHI,TB,13,10,7,3
2025_04_PHI_TB,2025,4,TB,PHI,14,9,7,2
2025_04_SEA_ARI,2025,4,ARI,SEA,12,9,7,2
2025_04_SEA_ARI,2025,4,SEA,ARI,10,7,5,2
2025_04_TEN_HOU,2025,4,HOU,TEN,9,6,3,3
2025_04_TEN_HOU,2025,4,TEN,HOU,10,7,7,0
2025_04_WAS_ATL,2025,4,ATL,WAS,10,8,4,4
2025_04_WAS_ATL,2025,4,WAS,ATL,9,8,6,2
2025_05_DAL_NYJ,2025,5,DAL,NYJ,12,9,4,5
2025_05_DAL_NYJ,2025,5,NYJ,DAL,12,9,7,2
2025_05_DEN_PHI,2025,5,DEN,PHI,11,8,6,2
2025_05_DEN_PHI,2025,5,PHI,DEN,12,6,4,2
2025_05_DET_CIN,2025,5,CIN,DET,12,8,5,3
2025_05_DET_CIN,2025,5,DET,CIN,12,9,4,5
2025_05_HOU_BAL,2025,5,BAL,HOU,10,9,8,1
2025_05_HOU_BAL,2025,5,HOU,BAL,10,8,3,5
2025_05_KC_JAX,2025,5,JAX,KC,10,7,4,3
2025_05_KC_JAX,2025,5,KC,JAX,10,9,5,4
2025_05_LV_IND,2025,5,IND,LV,8,8,2,6
2025_05_LV_IND,2025,5,LV,IND,9,9,9,0
2025_05_MIA_CAR,2025,5,CAR,MIA,11,7,4,3
2025_05_MIA_CAR,2025,5,MIA,CAR,10,7,4,3
2025_05_MIN_CLE,2025,5,CLE,MIN,12,6,4,2
2025_05_MIN_CLE,2025,5,MIN,CLE,12,6,3,3
2025_05_NE_BUF,2025,5,BUF,NE,10,6,4,2
2025_05_NE_BUF,2025,5,NE,BUF,10,8,6,2
2025_05_NYG_NO,2025,5,NO,NYG,11,9,8,1
2025_05_NYG_NO,2025,5,NYG,NO,10,8,6,2
2025_05_SF_LA,2025,5,LA,SF,10,9,6,3
2025_05_SF_LA,2025,5,SF,LA,11,8,6,2
2025_05_TB_SEA,2025,5,SEA,TB,10,8,3,5
2025_05_TB_SEA,2025,5,TB,SEA,10,9,5,4
2025_05_TEN_ARI,2025,5,ARI,TEN,13,7,4,3
2025_05_TEN_ARI,2025,5,TEN,ARI,13,7,5,2
2025_05_WAS_LAC,2025,5,LAC,WAS,9,8,7,1
2025_05_WAS_LAC,2025,5,WAS,LAC,8,7,4,3
2025_06_ARI_IND,2025,6,ARI,IND,10,8,5,3
2025_06_ARI_IND,2025,6,IND,ARI,10,7,3,4
2025_06_BUF_ATL,2025,6,ATL,BUF,12,8,5,3
2025_06_BUF_ATL,2025,6,BUF,ATL,11,5,3,2
2025_06_CHI_WAS,2025,6,CHI,WAS,10,8,6,2
2025_06_CHI_WAS,2025,6,WAS,CHI,11,8,5,3
2025_06_CIN_GB,2025,6,CIN,GB,9,6,4,2
2025_06_CIN_GB,2025,6,GB,CIN,9,6,3,3
2025_06_CLE_PIT,2025,6,CLE,PIT,9,7,7,0
2025_06_CLE_PIT,2025,6,PIT,CLE,9,7,5,2
2025_06_DAL_CAR,2025,6,CAR,DAL,9,8,5,3
2025_06_DAL_CAR,2025,6,DAL,CAR,9,8,5,3
2025_06_DEN_NYJ,2025,6,DEN,NYJ,12,5,4,1
2025_06_DEN_NYJ,2025,6,NYJ,DEN,12,6,6,0
2025_06_DET_KC,2025,6,DET,KC,8,7,5,2
2025_06_DET_KC,2025,6,KC,DET,9,6,2,4
2025_06_LAC_MIA,2025,6,LAC,MIA,10,9,7,2
2025_06_LAC_MIA,2025,6,MIA,LAC,11,11,8,3
2025_06_LA_BAL,2025,6,BAL,LA,9,7,7,0
2025_06_LA_BAL,2025,6,LA,BAL,10,5,3,2
2025_06_NE_NO,2025,6,NE,NO,9,6,3,3
2025_06_NE_NO,2025,6,NO,NE,9,7,6,1
2025_06_PHI_NYG,2025,6,NYG,PHI,10,8,3,5
2025_06_PHI_NYG,2025,6,PHI,NYG,10,8,6,2
2025_06_SEA_JAX,2025,6,JAX,SEA,12,8,6,2
2025_06_SEA_JAX,2025,6,SEA,JAX,12,6,4,2
2025_06_SF_TB,2025,6,SF,TB,10,8,7,1
2025_06_SF_TB,2025,6,TB,SF,11,9,5,4
2025_06_TEN_LV,2025,6,LV,TEN,11,6,4,2
2025_06_TEN_LV,2025,6,TEN,LV,10,6,5,1
2025_07_ATL_SF,2025,7,ATL,SF,9,7,6,1
2025_07_ATL_SF,2025,7,SF,ATL,9,6,4,2
2025_07_CAR_NYJ,2025,7,CAR,NYJ,11,7,6,1
2025_07_CAR_NYJ,2025,7,NYJ,CAR,11,6,6,0
2025_07_GB_ARI,2025,7,ARI,GB,9,6,4,2
2025_07_GB_ARI,2025,7,GB,ARI,10,9,6,3
2025_07_HOU_SEA,2025,7,HOU,SEA,15,11,10,1
2025_07_HOU_SEA,2025,7,SEA,HOU,15,9,6,3
2025_07_IND_LAC,2025,7,IND,LAC,9,7,2,5
2025_07_IND_LAC,2025,7,LAC,IND,8,8,5,3
2025_07_LA_JAX,2025,7,JAX,LA,11,10,9,1
2025_07_LA_JAX,2025,7,LA,JAX,12,6,1,5
2025_07_LV_KC,2025,7,KC,LV,9,6,2,4
2025_07_LV_KC,2025,7,LV,KC,10,6,6,0
2025_07_MIA_CLE,2025,7,CLE,MIA,12,7,4,3
2025_07_MIA_CLE,2025,7,MIA,CLE,12,9,8,1
2025_07_NE_TEN,2025,7,NE,TEN,10,8,5,3
2025_07_NE_TEN,2025,7,TEN,NE,10,7,6,1
2025_07_NO_CHI,2025,7,CHI,NO,12,9,7,2
2025_07_NO_CHI,2025,7,NO,CHI,11,9,7,2
2025_07_NYG_DEN,2025,7,DEN,NYG,13,8,4,4
2025_07_NYG_DEN,2025,7,NYG,DEN,12,9,4,5
2025_07_PHI_MIN,2025,7,MIN,PHI,10,7,6,1
2025_07_PHI_MIN,2025,7,PHI,MIN,10,8,5,3
2025_07_PIT_CIN,2025,7,CIN,PIT,10,8,5,3
2025_07_PIT_CIN,2025,7,PIT,CIN,10,9,5,4
2025_07_TB_DET,2025,7,DET,TB,13,6,3,3
2025_07_TB_DET,2025,7,TB,DET,14,6,5,1
2025_07_WAS_DAL,2025,7,DAL,WAS,13,7,3,4
2025_07_WAS_DAL,2025,7,WAS,DAL,13,11,8,3
2025_08_BUF_CAR,2025,8,BUF,CAR,10,8,3,5
2025_08_BUF_CAR,2025,8,CAR,BUF,11,8,7,1
2025_08_CHI_BAL,2025,8,BAL,CHI,9,8,5,3
2025_08_CHI_BAL,2025,8,CHI,BAL,9,8,7,1
2025_08_CLE_NE,2025,8,CLE,NE,12,8,6,2
2025_08_CLE_NE,2025,8,NE,CLE,13,10,7,3
2025_08_DAL_DEN,2025,8,DAL,DEN,11,10,7,3
2025_08_DAL_DEN,2025,8,DEN,DAL,12,9,3,6
2025_08_GB_PIT,2025,8,GB,PIT,12,11,7,4
2025_08_GB_PIT,2025,8,PIT,GB,11,11,9,2
2025_08_MIA_ATL,2025,8,ATL,MIA,11,8,7,1
2025_08_MIA_ATL,2025,8,MIA,ATL,10,9,5,4
2025_08_MIN_LAC,2025,8,LAC,MIN,9,8,4,4
2025_08_MIN_LAC,2025,8,MIN,LAC,10,9,8,1
2025_08_NYG_PHI,2025,8,NYG,PHI,9,9,7,2
2025_08_NYG_PHI,2025,8,PHI,NYG,9,8,3,5
2025_08_NYJ_CIN,2025,8,CIN,NYJ,10,8,3,5
2025_08_NYJ_CIN,2025,8,NYJ,CIN,11,10,6,4
2025_08_SF_HOU,2025,8,HOU,SF,10,7,5,2
2025_08_SF_HOU,2025,8,SF,HOU,9,8,6,2
2025_08_TB_NO,2025,8,NO,TB,11,8,8,0
2025_08_TB_NO,2025,8,TB,NO,11,6,5,1
2025_08_TEN_IND,2025,8,IND,TEN,11,7,2,5
2025_08_TEN_IND,2025,8,TEN,IND,11,8,6,2
2025_08_WAS_KC,2025,8,KC,WAS,9,6,2,4
2025_08_WAS_KC,2025,8,WAS,KC,8,6,5,1
2025_09_ARI_DAL,2025,9,ARI,DAL,10,6,3,3
2025_09_ARI_DAL,2025,9,DAL,ARI,10,9,8,1
2025_09_ATL_NE,2025,9,ATL,NE,10,9,6,3
2025_09_ATL_NE,2025,9,NE,ATL,11,7,4,3
2025_09_BAL_MIA,2025,9,BAL,MIA,11,6,2,4
2025_09_BAL_MIA,2025,9,MIA,BAL,11,8,8,0
2025_09_CAR_GB,2025,9,CAR,GB,7,5,3,2
2025_09_CAR_GB,2025,9,GB,CAR,8,6,5,1
2025_09_CHI_CIN,2025,9,CHI,CIN,12,10,3,7
2025_09_CHI_CIN,2025,9,CIN,CHI,13,12,7,5
2025_09_DEN_HOU,2025,9,DEN,HOU,13,8,6,2
2025_09_DEN_HOU,2025,9,HOU,DEN,15,7,7,0
2025_09_IND_PIT,2025,9,IND,PIT,11,8,6,2
2025_09_IND_PIT,2025,9,PIT,IND,13,11,8,3
2025_09_JAX_LV,2025,9,JAX,LV,9,8,5,3
2025_09_JAX_LV,2025,9,LV,JAX,9,7,3,4
2025_09_KC_BUF,2025,9,BUF,KC,10,8,4,4
2025_09_KC_BUF,2025,9,KC,BUF,10,7,5,2
2025_09_LAC_TEN,2025,9,LAC,TEN,11,8,5,3
2025_09_LAC_TEN,2025,9,TEN,LAC,11,10,10,0
2025_09_MIN_DET,2025,9,DET,MIN,11,8,5,3
2025_09_MIN_DET,2025,9,MIN,DET,12,8,5,3
2025_09_NO_LA,2025,9,LA,NO,10,7,2,5
2025_09_NO_LA,2025,9,NO,LA,9,8,7,1
2025_09_SEA_WAS,2025,9,SEA,WAS,10,8,3,5
2025_09_SEA_WAS,2025,9,WAS,SEA,10,6,4,3
2025_09_SF_NYG,2025,9,NYG,SF,10,8,5,3
2025_09_SF_NYG,2025,9,SF,NYG,11,7,3,4
2025_10_ARI_SEA,2025,10,ARI,SEA,12,12,9,3
2025_10_ARI_SEA,2025,10,SEA,ARI,13,9,6,3
2025_10_ATL_IND,2025,10,ATL,IND,13,8,5,3
2025_10_ATL_IND,2025,10,IND,ATL,12,11,7,4
2025_10_BAL_MIN,2025,10,BAL,MIN,13,9,7,2
2025_10_BAL_MIN,2025,10,MIN,BAL,13,11,8,3
2025_10_BUF_MIA,2025,10,BUF,MIA,11,8,6,2
2025_10_BUF_MIA,2025,10,MIA,BUF,11,7,3,4
2025_10_CLE_NYJ,2025,10,CLE,NYJ,12,9,7,2
2025_10_CLE_NYJ,2025,10,NYJ,CLE,12,7,5,2
2025_10_DET_WAS,2025,10,DET,WAS,9,8,3,5
2025_10_DET_WAS,2025,10,WAS,DET,9,8,5,3
2025_10_JAX_HOU,2025,10,HOU,JAX,12,9,4,5
2025_10_JAX_HOU,2025,10,JAX,HOU,11,10,8,2
2025_10_LA_SF,2025,10,LA,SF,10,8,2,6
2025_10_LA_SF,2025,10,SF,LA,9,8,4,4
2025_10_LV_DEN,2025,10,DEN,LV,13,6,5,1
2025_10_LV_DEN,2025,10,LV,DEN,13,6,5,1
2025_10_NE_TB,2025,10,NE,TB,12,8,4,4
2025_10_NE_TB,2025,10,TB,NE,11,7,4,3
2025_10_NO_CAR,2025,10,CAR,NO,10,6,5,1
2025_10_NO_CAR,2025,10,NO,CAR,9,6,4,2
2025_10_NYG_CHI,2025,10,CHI,NYG,12,10,7,3
2025_10_NYG_CHI,2025,10,NYG,CHI,11,9,7,2
2025_10_PHI_GB,2025,10,GB,PHI,10,5,4,1
2025_10_PHI_GB,2025,10,PHI,GB,10,5,4,1
2025_10_PIT_LAC,2025,10,LAC,PIT,13,9,7,2
2025_10_PIT_LAC,2025,10,PIT,LAC,12,8,7,1
2025_11_BAL_CLE,2025,11,BAL,CLE,12,11,9,2
2025_11_BAL_CLE,2025,11,CLE,BAL,13,8,8,0
2025_11_CAR_ATL,2025,11,ATL,CAR,13,10,7,3
2025_11_CAR_ATL,2025,11,CAR,ATL,12,10,7,3
2025_11_CHI_MIN,2025,11,CHI,MIN,12,7,6,1
2025_11_CHI_MIN,2025,11,MIN,CHI,13,8,6,2
2025_11_CIN_PIT,2025,11,CIN,PIT,10,7,6,1
2025_11_CIN_PIT,2025,11,PIT,CIN,10,7,5,2
2025_11_DAL_LV,2025,11,DAL,LV,10,9,5,4
2025_11_DAL_LV,2025,11,LV,DAL,11,7,6,1
2025_11_DET_PHI,2025,11,DET,PHI,13,7,6,1
2025_11_DET_PHI,2025,11,PHI,DET,13,6,5,1
2025_11_GB_NYG,2025,11,GB,NYG,8,6,2,4
2025_11_GB_NYG,2025,11,NYG,GB,10,6,3,3
2025_11_HOU_TEN,2025,11,HOU,TEN,11,7,6,1
2025_11_HOU_TEN,2025,11,TEN,HOU,11,6,5,1
2025_11_KC_DEN,2025,11,DEN,KC,10,8,7,1
2025_11_KC_DEN,2025,11,KC,DEN,10,7,5,2
2025_11_LAC_JAX,2025,11,JAX,LAC,10,7,2,5
2025_11_LAC_JAX,2025,11,LAC,JAX,9,9,9,0
2025_11_NYJ_NE,2025,11,NE,NYJ,10,7,4,3
2025_11_NYJ_NE,2025,11,NYJ,NE,9,6,4,2
2025_11_SEA_LA,2025,11,LA,SEA,12,8,5,3
2025_11_SEA_LA,2025,11,SEA,LA,12,7,6,1
2025_11_SF_ARI,2025,11,ARI,SF,11,9,6,3
2025_11_SF_ARI,2025,11,SF,ARI,12,11,6,5
2025_11_TB_BUF,2025,11,BUF,TB,11,9,3,6
2025_11_TB_BUF,2025,11,TB,BUF,13,10,6,4
2025_11_WAS_MIA,2025,11,MIA,WAS,9,6,5,1
2025_11_WAS_MIA,2025,11,WAS,MIA,8,6,5,1
2025_12_ATL_NO,2025,12,ATL,NO,12,5,3,2
2025_12_ATL_NO,2025,12,NO,ATL,11,8,8,0
2025_12_BUF_HOU,2025,12,BUF,HOU,12,10,8,2
2025_12_BUF_HOU,2025,12,HOU,BUF,12,7,5,2
2025_12_CAR_SF,2025,12,CAR,SF,9,7,6,1
2025_12_CAR_SF,2025,12,SF,CAR,10,5,3,2
2025_12_CLE_LV,2025,12,CLE,LV,15,8,5,3
2025_12_CLE_LV,2025,12,LV,CLE,15,7,6,1
2025_12_IND_KC,2025,12,IND,KC,11,9,7,2
2025_12_IND_KC,2025,12,KC,IND,11,9,8,1
2025_12_JAX_ARI,2025,12,ARI,JAX,13,10,8,2
2025_12_JAX_ARI,2025,12,JAX,ARI,14,9,6,3
2025_12_MIN_GB,2025,12,GB,MIN,11,7,5,2
2025_12_MIN_GB,2025,12,MIN,GB,9,7,7,0
2025_12_NE_CIN,2025,12,CIN,NE,11,10,9,1
2025_12_NE_CIN,2025,12,NE,CIN,11,9,8,1
2025_12_NYG_DET,2025,12,DET,NYG,13,9,5,4
2025_12_NYG_DET,2025,12,NYG,DET,12,9,6,3
2025_12_NYJ_BAL,2025,12,BAL,NYJ,11,5,3,2
2025_12_NYJ_BAL,2025,12,NYJ,BAL,10,7,6,1
2025_12_PHI_DAL,2025,12,DAL,PHI,12,10,7,3
2025_12_PHI_DAL,2025,12,PHI,DAL,11,7,4,3
2025_12_PIT_CHI,2025,12,CHI,PIT,12,9,5,4
2025_12_PIT_CHI,2025,12,PIT,CHI,11,8,5,3
2025_12_SEA_TEN,2025,12,SEA,TEN,10,7,4,3
2025_12_SEA_TEN,2025,12,TEN,SEA,9,9,7,2
2025_12_TB_LA,2025,12,LA,TB,10,7,4,3
2025_12_TB_LA,2025,12,TB,LA,11,8,7,1
2025_13_ARI_TB,2025,13,ARI,TB,10,7,5,2
2025_13_ARI_TB,2025,13,TB,ARI,10,7,5,2
2025_13_ATL_NYJ,2025,13,ATL,NYJ,11,8,5,3
2025_13_ATL_NYJ,2025,13,NYJ,ATL,13,7,4,3
2025_13_BUF_PIT,2025,13,BUF,PIT,9,6,4,2
2025_13_BUF_PIT,2025,13,PIT,BUF,10,6,5,1
2025_13_CHI_PHI,2025,13,CHI,PHI,12,7,4,3
2025_13_CHI_PHI,2025,13,PHI,CHI,11,8,6,2
2025_13_CIN_BAL,2025,13,BAL,CIN,13,9,7,2
2025_13_CIN_BAL,2025,13,CIN,BAL,12,11,9,2
2025_13_DEN_WAS,2025,13,DEN,WAS,10,6,3,3
2025_13_DEN_WAS,2025,13,WAS,DEN,11,9,6,3
2025_13_GB_DET,2025,13,DET,GB,8,7,4,3
2025_13_GB_DET,2025,13,GB,DET,9,7,3,4
2025_13_HOU_IND,2025,13,HOU,IND,10,5,3,2
2025_13_HOU_IND,2025,13,IND,HOU,9,8,6,2
2025_13_JAX_TEN,2025,13,JAX,TEN,12,5,2,3
2025_13_JAX_TEN,2025,13,TEN,JAX,11,6,5,1
2025_13_KC_DAL,2025,13,DAL,KC,10,8,5,3
2025_13_KC_DAL,2025,13,KC,DAL,9,7,3,4
2025_13_LA_CAR,2025,13,CAR,LA,9,7,4,3
2025_13_LA_CAR,2025,13,LA,CAR,9,7,3,4
2025_13_LV_LAC,2025,13,LAC,LV,10,7,3,4
2025_13_LV_LAC,2025,13,LV,LAC,10,7,5,2
2025_13_MIN_SEA,2025,13,MIN,SEA,13,8,8,0
2025_13_MIN_SEA,2025,13,SEA,MIN,11,5,4,1
2025_13_NO_MIA,2025,13,MIA,NO,13,8,7,1
2025_13_NO_MIA,2025,13,NO,MIA,12,6,4,2
2025_13_NYG_NE,2025,13,NE,NYG,11,10,8,2
2025_13_NYG_NE,2025,13,NYG,NE,10,9,7,2
2025_13_SF_CLE,2025,13,CLE,SF,9,7,6,1
2025_13_SF_CLE,2025,13,SF,CLE,11,6,3,3
2025_14_CHI_GB,2025,14,CHI,GB,9,7,5,2
2025_14_CHI_GB,2025,14,GB,CHI,9,6,2,4
2025_14_CIN_BUF,2025,14,BUF,CIN,10,9,5,4
2025_14_CIN_BUF,2025,14,CIN,BUF,9,8,3,5
2025_14_DAL_DET,2025,14,DAL,DET,11,9,7,2
2025_14_DAL_DET,2025,14,DET,DAL,12,11,6,5
2025_14_DEN_LV,2025,14,DEN,LV,8,6,4,2
2025_14_DEN_LV,2025,14,LV,DEN,8,6,4,2
2025_14_HOU_KC,2025,14,HOU,KC,13,7,5,2
2025_14_HOU_KC,2025,14,KC,HOU,13,8,7,1
2025_14_IND_JAX,2025,14,IND,JAX,12,7,5,2
2025_14_IND_JAX,2025,14,JAX,IND,12,11,7,4
2025_14_LA_ARI,2025,14,ARI,LA,11,9,7,2
2025_14_LA_ARI,2025,14,LA,ARI,11,8,2,6
2025_14_MIA_NYJ,2025,14,MIA,NYJ,13,7,3,4
2025_14_MIA_NYJ,2025,14,NYJ,MIA,13,9,9,0
2025_14_NO_TB,2025,14,NO,TB,11,9,6,3
2025_14_NO_TB,2025,14,TB,NO,11,6,4,2
2025_14_PHI_LAC,2025,14,LAC,PHI,14,11,10,1
2025_14_PHI_LAC,2025,14,PHI,LAC,14,12,11,1
2025_14_PIT_BAL,2025,14,BAL,PIT,10,9,7,2
2025_14_PIT_BAL,2025,14,PIT,BAL,10,8,5,3
2025_14_SEA_ATL,2025,14,ATL,SEA,11,10,10,0
2025_14_SEA_ATL,2025,14,SEA,ATL,11,7,3,4
2025_14_TEN_CLE,2025,14,CLE,TEN,15,9,5,4
2025_14_TEN_CLE,2025,14,TEN,CLE,15,10,6,4
2025_14_WAS_MIN,2025,14,MIN,WAS,8,6,2,4
2025_14_WAS_MIN,2025,14,WAS,MIN,7,6,6,0
2025_15_ARI_HOU,2025,15,ARI,HOU,10,9,6,3
2025_15_ARI_HOU,2025,15,HOU,ARI,11,10,6,4
2025_15_ATL_TB,2025,15,ATL,TB,10,7,3,4
2025_15_ATL_TB,2025,15,TB,ATL,11,9,6,3
2025_15_BAL_CIN,2025,15,BAL,CIN,9,5,3,2
2025_15_BAL_CIN,2025,15,CIN,BAL,9,8,8,0
2025_15_BUF_NE,2025,15,BUF,NE,10,8,3,5
2025_15_BUF_NE,2025,15,NE,BUF,10,8,4,4
2025_15_CAR_NO,2025,15,CAR,NO,8,6,4,2
2025_15_CAR_NO,2025,15,NO,CAR,9,8,6,2
2025_15_CLE_CHI,2025,15,CHI,CLE,13,8,4,4
2025_15_CLE_CHI,2025,15,CLE,CHI,12,8,8,0
2025_15_DET_LA,2025,15,DET,LA,11,10,6,4
2025_15_DET_LA,2025,15,LA,DET,11,10,5,5
2025_15_GB_DEN,2025,15,DEN,GB,12,10,5,5
2025_15_GB_DEN,2025,15,GB,DEN,11,8,6,2
2025_15_IND_SEA,2025,15,IND,SEA,10,9,8,1
2025_15_IND_SEA,2025,15,SEA,IND,11,7,7,0
2025_15_LAC_KC,2025,15,KC,LAC,10,8,7,1
2025_15_LAC_KC,2025,15,LAC,KC,10,5,4,1
2025_15_LV_PHI,2025,15,LV,PHI,8,6,6,0
2025_15_LV_PHI,2025,15,PHI,LV,8,6,2,4
2025_15_MIA_PIT,2025,15,MIA,PIT,10,7,5,2
2025_15_MIA_PIT,2025,15,PIT,MIA,9,7,3,4
2025_15_MIN_DAL,2025,15,DAL,MIN,10,9,7,2
2025_15_MIN_DAL,2025,15,MIN,DAL,11,11,7,4
2025_15_NYJ_JAX,2025,15,JAX,NYJ,12,8,2,6
2025_15_NYJ_JAX,2025,15,NYJ,JAX,12,10,8,2
2025_15_TEN_SF,2025,15,SF,TEN,8,7,3,4
2025_15_TEN_SF,2025,15,TEN,SF,9,9,6,3
2025_15_WAS_NYG,2025,15,NYG,WAS,12,8,5,3
2025_15_WAS_NYG,2025,15,WAS,NYG,13,10,8,2
2025_16_ATL_ARI,2025,16,ARI,ATL,9,8,7,1
2025_16_ATL_ARI,2025,16,ATL,ARI,9,7,4,3
2025_16_BUF_CLE,2025,16,BUF,CLE,10,8,5,3
2025_16_BUF_CLE,2025,16,CLE,BUF,10,7,5,2
2025_16_CIN_MIA,2025,16,CIN,MIA,12,10,4,6
2025_16_CIN_MIA,2025,16,MIA,CIN,12,9,6,3
2025_16_GB_CHI,2025,16,CHI,GB,9,7,6,2
2025_16_GB_CHI,2025,16,GB,CHI,10,9,7,2
2025_16_JAX_DEN,2025,16,DEN,JAX,12,8,6,2
2025_16_JAX_DEN,2025,16,JAX,DEN,12,9,5,4
2025_16_KC_TEN,2025,16,KC,TEN,10,6,6,0
2025_16_KC_TEN,2025,16,TEN,KC,11,6,3,3
2025_16_LAC_DAL,2025,16,DAL,LAC,9,8,6,2
2025_16_LAC_DAL,2025,16,LAC,DAL,8,7,3,4
2025_16_LA_SEA,2025,16,LA,SEA,14,11,7,4
2025_16_LA_SEA,2025,16,SEA,LA,14,11,7,4
2025_16_LV_HOU,2025,16,HOU,LV,12,8,7,1
2025_16_LV_HOU,2025,16,LV,HOU,11,8,5,3
2025_16_MIN_NYG,2025,16,MIN,NYG,9,6,5,1
2025_16_MIN_NYG,2025,16,NYG,MIN,8,8,8,0
2025_16_NE_BAL,2025,16,BAL,NE,10,6,3,3
2025_16_NE_BAL,2025,16,NE,BAL,10,9,6,3
2025_16_NYJ_NO,2025,16,NO,NYJ,11,9,7,2
2025_16_NYJ_NO,2025,16,NYJ,NO,11,9,9,0
2025_16_PHI_WAS,2025,16,PHI,WAS,10,9,5,4
2025_16_PHI_WAS,2025,16,WAS,PHI,10,7,5,2
2025_16_PIT_DET,2025,16,DET,PIT,11,9,6,3
2025_16_PIT_DET,2025,16,PIT,DET,10,8,5,3
2025_16_SF_IND,2025,16,IND,SF,10,10,6,4
2025_16_SF_IND,2025,16,SF,IND,11,10,5,5
2025_16_TB_CAR,2025,16,CAR,TB,9,8,6,2
2025_16_TB_CAR,2025,16,TB,CAR,9,7,5,2
2025_17_ARI_CIN,2025,17,ARI,CIN,9,8,6,2
2025_17_ARI_CIN,2025,17,CIN,ARI,10,7,2,5
2025_17_BAL_GB,2025,17,BAL,GB,9,8,3,5
2025_17_BAL_GB,2025,17,GB,BAL,9,9,6,3
2025_17_CHI_SF,2025,17,CHI,SF,10,9,5,4
2025_17_CHI_SF,2025,17,SF,CHI,10,8,2,6
2025_17_DAL_WAS,2025,17,DAL,WAS,9,8,5,3
2025_17_DAL_WAS,2025,17,WAS,DAL,9,8,6,2
2025_17_DEN_KC,2025,17,DEN,KC,8,5,3,2
2025_17_DEN_KC,2025,17,KC,DEN,8,7,6,1
2025_17_DET_MIN,2025,17,DET,MIN,13,8,7,1
2025_17_DET_MIN,2025,17,MIN,DET,12,7,5,2
2025_17_HOU_LAC,2025,17,HOU,LAC,13,7,5,2
2025_17_HOU_LAC,2025,17,LAC,HOU,12,8,6,2
2025_17_JAX_IND,2025,17,IND,JAX,11,7,5,2
2025_17_JAX_IND,2025,17,JAX,IND,10,9,7,2
2025_17_LA_ATL,2025,17,ATL,LA,12,8,6,2
2025_17_LA_ATL,2025,17,LA,ATL,12,9,7,2
2025_17_NE_NYJ,2025,17,NE,NYJ,10,8,2,6
2025_17_NE_NYJ,2025,17,NYJ,NE,10,10,9,1
2025_17_NO_TEN,2025,17,NO,TEN,12,10,7,3
2025_17_NO_TEN,2025,17,TEN,NO,12,10,8,2
2025_17_NYG_LV,2025,17,LV,NYG,8,7,6,1
2025_17_NYG_LV,2025,17,NYG,LV,9,7,3,4
2025_17_PHI_BUF,2025,17,BUF,PHI,11,9,7,2
2025_17_PHI_BUF,2025,17,PHI,BUF,11,6,5,1
2025_17_PIT_CLE,2025,17,CLE,PIT,11,4,3,1
2025_17_PIT_CLE,2025,17,PIT,CLE,11,7,7,0
2025_17_SEA_CAR,2025,17,CAR,SEA,11,7,6,1
2025_17_SEA_CAR,2025,17,SEA,CAR,11,8,5,3
2025_17_TB_MIA,2025,17,MIA,TB,11,6,4,2
2025_17_TB_MIA,2025,17,TB,MIA,10,10,8,2
2025_18_ARI_LA,2025,18,ARI,LA,9,9,7,2
2025_18_ARI_LA,2025,18,LA,ARI,10,9,5,4
2025_18_BAL_PIT,2025,18,BAL,PIT,10,8,5,3
2025_18_BAL_PIT,2025,18,PIT,BAL,11,7,4,3
2025_18_CAR_TB,2025,18,CAR,TB,10,7,5,2
2025_18_CAR_TB,2025,18,TB,CAR,10,7,6,1
2025_18_CLE_CIN,2025,18,CIN,CLE,11,8,5,3
2025_18_CLE_CIN,2025,18,CLE,CIN,11,6,6,0
2025_18_DAL_NYG,2025,18,DAL,NYG,11,9,7,2
2025_18_DAL_NYG,2025,18,NYG,DAL,10,9,6,3
2025_18_DET_CHI,2025,18,CHI,DET,9,6,4,2
2025_18_DET_CHI,2025,18,DET,CHI,9,8,7,1
2025_18_GB_MIN,2025,18,GB,MIN,10,5,5,0
2025_18_GB_MIN,2025,18,MIN,GB,10,5,4,1
2025_18_IND_HOU,2025,18,HOU,IND,12,10,8,2
2025_18_IND_HOU,2025,18,IND,HOU,11,9,6,3
2025_18_KC_LV,2025,18,KC,LV,15,10,10,0
2025_18_KC_LV,2025,18,LV,KC,14,8,8,0
2025_18_LAC_DEN,2025,18,DEN,LAC,13,7,7,0
2025_18_LAC_DEN,2025,18,LAC,DEN,12,7,7,0
2025_18_MIA_NE,2025,18,MIA,NE,11,7,6,1
2025_18_MIA_NE,2025,18,NE,MIA,12,9,4,5
2025_18_NO_ATL,2025,18,ATL,NO,12,9,8,1
2025_18_NO_ATL,2025,18,NO,ATL,11,7,5,2
2025_18_NYJ_BUF,2025,18,BUF,NYJ,9,8,3,5
2025_18_NYJ_BUF,2025,18,NYJ,BUF,8,6,5,1
2025_18_SEA_SF,2025,18,SEA,SF,9,8,7,1
2025_18_SEA_SF,2025,18,SF,SEA,8,4,4,0
2025_18_TEN_JAX,2025,18,JAX,TEN,11,7,3,4
2025_18_TEN_JAX,2025,18,TEN,JAX,10,8,7,1
2025_18_WAS_PHI,2025,18,PHI,WAS,10,8,6,2
2025_18_WAS_PHI,2025,18,WAS,PHI,11,7,4,3
