game_id,season,week,posteam,defteam,punts,game_total_punts
2022_01_BAL_NYJ,2022,1,BAL,NYJ,6,12
2022_01_BAL_NYJ,2022,1,NYJ,BAL,6,12
2022_01_BUF_LA,2022,1,BUF,LA,0,4
2022_01_BUF_LA,2022,1,LA,BUF,4,4
2022_01_CLE_CAR,2022,1,CAR,CLE,5,9
2022_01_CLE_CAR,2022,1,CLE,CAR,4,9
2022_01_DEN_SEA,2022,1,DEN,SEA,1,3
2022_01_DEN_SEA,2022,1,SEA,DEN,2,3
2022_01_GB_MIN,2022,1,GB,MIN,4,9
2022_01_GB_MIN,2022,1,MIN,GB,5,9
2022_01_IND_HOU,2022,1,HOU,IND,7,11
2022_01_IND_HOU,2022,1,IND,HOU,4,11
2022_01_JAX_WAS,2022,1,JAX,WAS,3,6
2022_01_JAX_WAS,2022,1,WAS,JAX,3,6
2022_01_KC_ARI,2022,1,ARI,KC,5,7
2022_01_KC_ARI,2022,1,KC,ARI,2,7
2022_01_LV_LAC,2022,1,LAC,LV,4,6
2022_01_LV_LAC,2022,1,LV,LAC,2,6
2022_01_NE_MIA,2022,1,MIA,NE,4,7
2022_01_NE_MIA,2022,1,NE,MIA,3,7
2022_01_NO_ATL,2022,1,ATL,NO,4,9
2022_01_NO_ATL,2022,1,NO,ATL,5,9
2022_01_NYG_TEN,2022,1,NYG,TEN,6,12
2022_01_NYG_TEN,2022,1,TEN,NYG,6,12
2022_01_PHI_DET,2022,1,DET,PHI,4,7
2022_01_PHI_DET,2022,1,PHI,DET,3,7
2022_01_PIT_CIN,2022,1,CIN,PIT,3,11
2022_01_PIT_CIN,2022,1,PIT,CIN,8,11
2022_01_SF_CHI,2022,1,CHI,SF,6,10
2022_01_SF_CHI,2022,1,SF,CHI,4,10
2022_01_TB_DAL,2022,1,DAL,TB,5,8
2022_01_TB_DAL,2022,1,TB,DAL,3,8
2022_02_ARI_LV,2022,2,ARI,LV,3,6
2022_02_ARI_LV,2022,2,LV,ARI,3,6
2022_02_ATL_LA,2022,2,ATL,LA,1,2
2022_02_ATL_LA,2022,2,LA,ATL,1,2
2022_02_CAR_NYG,2022,2,CAR,NYG,5,10
2022_02_CAR_NYG,2022,2,NYG,CAR,5,10
2022_02_CHI_GB,2022,2,CHI,GB,4,6
2022_02_CHI_GB,2022,2,GB,CHI,2,6
2022_02_CIN_DAL,2022,2,CIN,DAL,5,10
2022_02_CIN_DAL,2022,2,DAL,CIN,5,10
2022_02_HOU_DEN,2022,2,DEN,HOU,5,10
2022_02_HOU_DEN,2022,2,HOU,DEN,5,10
2022_02_IND_JAX,2022,2,IND,JAX,5,10
2022_02_IND_JAX,2022,2,JAX,IND,5,10
2022_02_LAC_KC,2022,2,KC,LAC,6,12
2022_02_LAC_KC,2022,2,LAC,KC,6,12
2022_02_MIA_BAL,2022,2,BAL,MIA,2,4
2022_02_MIA_BAL,2022,2,MIA,BAL,2,4
2022_02_MIN_PHI,2022,2,MIN,PHI,5,9
2022_02_MIN_PHI,2022,2,PHI,MIN,4,9
2022_02_NE_PIT,2022,2,NE,PIT,4,8
2022_02_NE_PIT,2022,2,PIT,NE,4,8
2022_02_NYJ_CLE,2022,2,CLE,NYJ,3,7
2022_02_NYJ_CLE,2022,2,NYJ,CLE,4,7
2022_02_SEA_SF,2022,2,SEA,SF,5,8
2022_02_SEA_SF,2022,2,SF,SEA,3,8
2022_02_TB_NO,2022,2,NO,TB,5,11
2022_02_TB_NO,2022,2,TB,NO,6,11
2022_02_TEN_BUF,2022,2,BUF,TEN,3,9
2022_02_TEN_BUF,2022,2,TEN,BUF,6,9
2022_02_WAS_DET,2022,2,DET,WAS,5,11
2022_02_WAS_DET,2022,2,WAS,DET,6,11
2022_03_ATL_SEA,2022,3,ATL,SEA,1,3
2022_03_ATL_SEA,2022,3,SEA,ATL,2,3
2022_03_BAL_NE,2022,3,BAL,NE,3,5
2022_03_BAL_NE,2022,3,NE,BAL,2,5
2022_03_BUF_MIA,2022,3,BUF,MIA,1,6
2022_03_BUF_MIA,2022,3,MIA,BUF,5,6
2022_03_CIN_NYJ,2022,3,CIN,NYJ,3,6
2022_03_CIN_NYJ,2022,3,NYJ,CIN,3,6
2022_03_DAL_NYG,2022,3,DAL,NYG,4,7
2022_03_DAL_NYG,2022,3,NYG,DAL,3,7
2022_03_DET_MIN,2022,3,DET,MIN,3,6
2022_03_DET_MIN,2022,3,MIN,DET,3,6
2022_03_GB_TB,2022,3,GB,TB,7,13
2022_03_GB_TB,2022,3,TB,GB,6,13
2022_03_HOU_CHI,2022,3,CHI,HOU,4,9
2022_03_HOU_CHI,2022,3,HOU,CHI,5,9
2022_03_JAX_LAC,2022,3,JAX,LAC,1,5
2022_03_JAX_LAC,2022,3,LAC,JAX,4,5
2022_03_KC_IND,2022,3,IND,KC,3,6
2022_03_KC_IND,2022,3,KC,IND,3,6
2022_03_LA_ARI,2022,3,ARI,LA,4,7
2022_03_LA_ARI,2022,3,LA,ARI,3,7
2022_03_LV_TEN,2022,3,LV,TEN,3,6
2022_03_LV_TEN,2022,3,TEN,LV,3,6
2022_03_NO_CAR,2022,3,CAR,NO,6,12
2022_03_NO_CAR,2022,3,NO,CAR,6,12
2022_03_PHI_WAS,2022,3,PHI,WAS,6,14
2022_03_PHI_WAS,2022,3,WAS,PHI,8,14
2022_03_PIT_CLE,2022,3,CLE,PIT,5,10
2022_03_PIT_CLE,2022,3,PIT,CLE,5,10
2022_03_SF_DEN,2022,3,DEN,SF,10,17
2022_03_SF_DEN,2022,3,SF,DEN,7,17
2022_04_ARI_CAR,2022,4,ARI,CAR,3,7
2022_04_ARI_CAR,2022,4,CAR,ARI,4,7
2022_04_BUF_BAL,2022,4,BAL,BUF,3,6
2022_04_BUF_BAL,2022,4,BUF,BAL,3,6
2022_04_CHI_NYG,2022,4,CHI,NYG,5,10
2022_04_CHI_NYG,2022,4,NYG,CHI,5,10
2022_04_CLE_ATL,2022,4,ATL,CLE,3,6
2022_04_CLE_ATL,2022,4,CLE,ATL,3,6
2022_04_DEN_LV,2022,4,DEN,LV,5,9
2022_04_DEN_LV,2022,4,LV,DEN,4,9
2022_04_JAX_PHI,2022,4,JAX,PHI,3,6
2022_04_JAX_PHI,2022,4,PHI,JAX,3,6
2022_04_KC_TB,2022,4,KC,TB,1,4
2022_04_KC_TB,2022,4,TB,KC,3,4
2022_04_LAC_HOU,2022,4,HOU,LAC,3,7
2022_04_LAC_HOU,2022,4,LAC,HOU,4,7
2022_04_LA_SF,2022,4,LA,SF,4,8
2022_04_LA_SF,2022,4,SF,LA,4,8
2022_04_MIA_CIN,2022,4,CIN,MIA,4,7
2022_04_MIA_CIN,2022,4,MIA,CIN,3,7
2022_04_MIN_NO,2022,4,MIN,NO,3,7
2022_04_MIN_NO,2022,4,NO,MIN,4,7
2022_04_NE_GB,2022,4,GB,NE,5,12
2022_04_NE_GB,2022,4,NE,GB,7,12
2022_04_NYJ_PIT,2022,4,NYJ,PIT,5,9
2022_04_NYJ_PIT,2022,4,PIT,NYJ,4,9
2022_04_SEA_DET,2022,4,DET,SEA,2,2
2022_04_SEA_DET,2022,4,SEA,DET,0,2
2022_04_TEN_IND,2022,4,IND,TEN,2,6
2022_04_TEN_IND,2022,4,TEN,IND,4,6
2022_04_WAS_DAL,2022,4,DAL,WAS,6,12
2022_04_WAS_DAL,2022,4,WAS,DAL,6,12
2022_05_ATL_TB,2022,5,ATL,TB,6,10
2022_05_ATL_TB,2022,5,TB,ATL,4,10
2022_05_CHI_MIN,2022,5,CHI,MIN,2,3
2022_05_CHI_MIN,2022,5,MIN,CHI,1,3
2022_05_CIN_BAL,2022,5,BAL,CIN,2,6
2022_05_CIN_BAL,2022,5,CIN,BAL,4,6
2022_05_DAL_LA,2022,5,DAL,LA,6,12
2022_05_DAL_LA,2022,5,LA,DAL,6,12
2022_05_DET_NE,2022,5,DET,NE,2,4
2022_05_DET_NE,2022,5,NE,DET,2,4
2022_05_HOU_JAX,2022,5,HOU,JAX,6,9
2022_05_HOU_JAX,2022,5,JAX,HOU,3,9
2022_05_IND_DEN,2022,5,DEN,IND,5,12
2022_05_IND_DEN,2022,5,IND,DEN,7,12
2022_05_LAC_CLE,2022,5,CLE,LAC,2,3
2022_05_LAC_CLE,2022,5,LAC,CLE,1,3
2022_05_LV_KC,2022,5,KC,LV,3,5
2022_05_LV_KC,2022,5,LV,KC,2,5
2022_05_MIA_NYJ,2022,5,MIA,NYJ,3,7
2022_05_MIA_NYJ,2022,5,NYJ,MIA,4,7
2022_05_NYG_GB,2022,5,GB,NYG,3,5
2022_05_NYG_GB,2022,5,NYG,GB,2,5
2022_05_PHI_ARI,2022,5,ARI,PHI,4,8
2022_05_PHI_ARI,2022,5,PHI,ARI,4,8
2022_05_PIT_BUF,2022,5,BUF,PIT,2,6
2022_05_PIT_BUF,2022,5,PIT,BUF,4,6
2022_05_SEA_NO,2022,5,NO,SEA,4,9
2022_05_SEA_NO,2022,5,SEA,NO,5,9
2022_05_SF_CAR,2022,5,CAR,SF,3,5
2022_05_SF_CAR,2022,5,SF,CAR,2,5
2022_05_TEN_WAS,2022,5,TEN,WAS,8,14
2022_05_TEN_WAS,2022,5,WAS,TEN,6,14
2022_06_ARI_SEA,2022,6,ARI,SEA,4,10
2022_06_ARI_SEA,2022,6,SEA,ARI,6,10
2022_06_BAL_NYG,2022,6,BAL,NYG,2,6
2022_06_BAL_NYG,2022,6,NYG,BAL,4,6
2022_06_BUF_KC,2022,6,BUF,KC,2,5
2022_06_BUF_KC,2022,6,KC,BUF,3,5
2022_06_CAR_LA,2022,6,CAR,LA,7,12
2022_06_CAR_LA,2022,6,LA,CAR,5,12
2022_06_CIN_NO,2022,6,CIN,NO,3,6
2022_06_CIN_NO,2022,6,NO,CIN,3,6
2022_06_DAL_PHI,2022,6,DAL,PHI,2,6
2022_06_DAL_PHI,2022,6,PHI,DAL,4,6
2022_06_DEN_LAC,2022,6,DEN,LAC,7,11
2022_06_DEN_LAC,2022,6,LAC,DEN,4,11
2022_06_JAX_IND,2022,6,IND,JAX,3,6
2022_06_JAX_IND,2022,6,JAX,IND,3,6
2022_06_MIN_MIA,2022,6,MIA,MIN,6,16
2022_06_MIN_MIA,2022,6,MIN,MIA,10,16
2022_06_NE_CLE,2022,6,CLE,NE,3,7
2022_06_NE_CLE,2022,6,NE,CLE,4,7
2022_06_NYJ_GB,2022,6,GB,NYJ,6,12
2022_06_NYJ_GB,2022,6,NYJ,GB,6,12
2022_06_SF_ATL,2022,6,ATL,SF,5,8
2022_06_SF_ATL,2022,6,SF,ATL,3,8
2022_06_TB_PIT,2022,6,PIT,TB,5,10
2022_06_TB_PIT,2022,6,TB,PIT,5,10
2022_06_WAS_CHI,2022,6,CHI,WAS,4,10
2022_06_WAS_CHI,2022,6,WAS,CHI,6,10
2022_07_ATL_CIN,2022,7,ATL,CIN,6,8
2022_07_ATL_CIN,2022,7,CIN,ATL,2,8
2022_07_CHI_NE,2022,7,CHI,NE,2,6
2022_07_CHI_NE,2022,7,NE,CHI,4,6
2022_07_CLE_BAL,2022,7,BAL,CLE,3,6
2022_07_CLE_BAL,2022,7,CLE,BAL,3,6
2022_07_DET_DAL,2022,7,DAL,DET,5,8
2022_07_DET_DAL,2022,7,DET,DAL,3,8
2022_07_GB_WAS,2022,7,GB,WAS,5,9
2022_07_GB_WAS,2022,7,WAS,GB,4,9
2022_07_HOU_LV,2022,7,HOU,LV,1,3
2022_07_HOU_LV,2022,7,LV,HOU,2,3
2022_07_IND_TEN,2022,7,IND,TEN,5,8
2022_07_IND_TEN,2022,7,TEN,IND,3,8
2022_07_KC_SF,2022,7,KC,SF,1,2
2022_07_KC_SF,2022,7,SF,KC,1,2
2022_07_NO_ARI,2022,7,ARI,NO,4,6
2022_07_NO_ARI,2022,7,NO,ARI,2,6
2022_07_NYG_JAX,2022,7,JAX,NYG,2,4
2022_07_NYG_JAX,2022,7,NYG,JAX,2,4
2022_07_NYJ_DEN,2022,7,DEN,NYJ,6,14
2022_07_NYJ_DEN,2022,7,NYJ,DEN,8,14
2022_07_PIT_MIA,2022,7,MIA,PIT,6,12
2022_07_PIT_MIA,2022,7,PIT,MIA,6,12
2022_07_SEA_LAC,2022,7,LAC,SEA,5,6
2022_07_SEA_LAC,2022,7,SEA,LAC,1,6
2022_07_TB_CAR,2022,7,CAR,TB,7,13
2022_07_TB_CAR,2022,7,TB,CAR,6,13
2022_08_ARI_MIN,2022,8,ARI,MIN,3,8
2022_08_ARI_MIN,2022,8,MIN,ARI,5,8
2022_08_BAL_TB,2022,8,BAL,TB,4,9
2022_08_BAL_TB,2022,8,TB,BAL,5,9
2022_08_CAR_ATL,2022,8,ATL,CAR,4,7
2022_08_CAR_ATL,2022,8,CAR,ATL,3,7
2022_08_CHI_DAL,2022,8,CHI,DAL,4,6
2022_08_CHI_DAL,2022,8,DAL,CHI,2,6
2022_08_CIN_CLE,2022,8,CIN,CLE,4,6
2022_08_CIN_CLE,2022,8,CLE,CIN,2,6
2022_08_DEN_JAX,2022,8,DEN,JAX,6,12
2022_08_DEN_JAX,2022,8,JAX,DEN,6,12
2022_08_GB_BUF,2022,8,BUF,GB,2,4
2022_08_GB_BUF,2022,8,GB,BUF,2,4
2022_08_LV_NO,2022,8,LV,NO,5,7
2022_08_LV_NO,2022,8,NO,LV,2,7
2022_08_MIA_DET,2022,8,DET,MIA,2,3
2022_08_MIA_DET,2022,8,MIA,DET,1,3
2022_08_NE_NYJ,2022,8,NE,NYJ,4,8
2022_08_NE_NYJ,2022,8,NYJ,NE,4,8
2022_08_NYG_SEA,2022,8,NYG,SEA,6,12
2022_08_NYG_SEA,2022,8,SEA,NYG,6,12
2022_08_PIT_PHI,2022,8,PHI,PIT,4,8
2022_08_PIT_PHI,2022,8,PIT,PHI,4,8
2022_08_SF_LA,2022,8,LA,SF,5,8
2022_08_SF_LA,2022,8,SF,LA,3,8
2022_08_TEN_HOU,2022,8,HOU,TEN,8,13
2022_08_TEN_HOU,2022,8,TEN,HOU,5,13
2022_08_WAS_IND,2022,8,IND,WAS,4,10
2022_08_WAS_IND,2022,8,WAS,IND,6,10
2022_09_BAL_NO,2022,9,BAL,NO,4,9
2022_09_BAL_NO,2022,9,NO,BAL,5,9
2022_09_BUF_NYJ,2022,9,BUF,NYJ,2,5
2022_09_BUF_NYJ,2022,9,NYJ,BUF,3,5
2022_09_CAR_CIN,2022,9,CAR,CIN,5,8
2022_09_CAR_CIN,2022,9,CIN,CAR,3,8
2022_09_GB_DET,2022,9,DET,GB,3,4
2022_09_GB_DET,2022,9,GB,DET,1,4
2022_09_IND_NE,2022,9,IND,NE,9,16
2022_09_IND_NE,2022,9,NE,IND,7,16
2022_09_LAC_ATL,2022,9,ATL,LAC,4,8
2022_09_LAC_ATL,2022,9,LAC,ATL,4,8
2022_09_LA_TB,2022,9,LA,TB,9,15
2022_09_LA_TB,2022,9,TB,LA,6,15
2022_09_LV_JAX,2022,9,JAX,LV,3,7
2022_09_LV_JAX,2022,9,LV,JAX,4,7
2022_09_MIA_CHI,2022,9,CHI,MIA,3,4
2022_09_MIA_CHI,2022,9,MIA,CHI,1,4
2022_09_MIN_WAS,2022,9,MIN,WAS,6,11
2022_09_MIN_WAS,2022,9,WAS,MIN,5,11
2022_09_PHI_HOU,2022,9,HOU,PHI,4,7
2022_09_PHI_HOU,2022,9,PHI,HOU,3,7
2022_09_SEA_ARI,2022,9,ARI,SEA,6,9
2022_09_SEA_ARI,2022,9,SEA,ARI,3,9
2022_09_TEN_KC,2022,9,KC,TEN,6,14
2022_09_TEN_KC,2022,9,TEN,KC,8,14
2022_10_ARI_LA,2022,10,ARI,LA,5,10
2022_10_ARI_LA,2022,10,LA,ARI,5,10
2022_10_ATL_CAR,2022,10,ATL,CAR,5,10
2022_10_ATL_CAR,2022,10,CAR,ATL,5,10
2022_10_CLE_MIA,2022,10,CLE,MIA,1,1
2022_10_CLE_MIA,2022,10,MIA,CLE,0,1
2022_10_DAL_GB,2022,10,DAL,GB,5,9
2022_10_DAL_GB,2022,10,GB,DAL,4,9
2022_10_DEN_TEN,2022,10,DEN,TEN,9,17
2022_10_DEN_TEN,2022,10,TEN,DEN,8,17
2022_10_DET_CHI,2022,10,CHI,DET,3,7
2022_10_DET_CHI,2022,10,DET,CHI,4,7
2022_10_HOU_NYG,2022,10,HOU,NYG,5,11
2022_10_HOU_NYG,2022,10,NYG,HOU,6,11
2022_10_IND_LV,2022,10,IND,LV,3,8
2022_10_IND_LV,2022,10,LV,IND,5,8
2022_10_JAX_KC,2022,10,JAX,KC,6,8
2022_10_JAX_KC,2022,10,KC,JAX,2,8
2022_10_LAC_SF,2022,10,LAC,SF,5,9
2022_10_LAC_SF,2022,10,SF,LAC,4,9
2022_10_MIN_BUF,2022,10,BUF,MIN,3,6
2022_10_MIN_BUF,2022,10,MIN,BUF,3,6
2022_10_NO_PIT,2022,10,NO,PIT,5,8
2022_10_NO_PIT,2022,10,PIT,NO,3,8
2022_10_SEA_TB,2022,10,SEA,TB,5,7
2022_10_SEA_TB,2022,10,TB,SEA,2,7
2022_10_WAS_PHI,2022,10,PHI,WAS,3,5
2022_10_WAS_PHI,2022,10,WAS,PHI,2,5
2022_11_CAR_BAL,2022,11,BAL,CAR,7,13
2022_11_CAR_BAL,2022,11,CAR,BAL,6,13
2022_11_CHI_ATL,2022,11,ATL,CHI,3,7
2022_11_CHI_ATL,2022,11,CHI,ATL,4,7
2022_11_CIN_PIT,2022,11,CIN,PIT,3,9
2022_11_CIN_PIT,2022,11,PIT,CIN,6,9
2022_11_CLE_BUF,2022,11,BUF,CLE,2,5
2022_11_CLE_BUF,2022,11,CLE,BUF,3,5
2022_11_DAL_MIN,2022,11,DAL,MIN,2,9
2022_11_DAL_MIN,2022,11,MIN,DAL,7,9
2022_11_DET_NYG,2022,11,DET,NYG,5,9
2022_11_DET_NYG,2022,11,NYG,DET,4,9
2022_11_KC_LAC,2022,11,KC,LAC,2,5
2022_11_KC_LAC,2022,11,LAC,KC,3,5
2022_11_LA_NO,2022,11,LA,NO,6,11
2022_11_LA_NO,2022,11,NO,LA,5,11
2022_11_LV_DEN,2022,11,DEN,LV,4,8
2022_11_LV_DEN,2022,11,LV,DEN,4,8
2022_11_NYJ_NE,2022,11,NE,NYJ,7,17
2022_11_NYJ_NE,2022,11,NYJ,NE,10,17
2022_11_PHI_IND,2022,11,IND,PHI,4,8
2022_11_PHI_IND,2022,11,PHI,IND,4,8
2022_11_SF_ARI,2022,11,ARI,SF,4,8
2022_11_SF_ARI,2022,11,SF,ARI,4,8
2022_11_TEN_GB,2022,11,GB,TEN,4,7
2022_11_TEN_GB,2022,11,TEN,GB,3,7
2022_11_WAS_HOU,2022,11,HOU,WAS,6,11
2022_11_WAS_HOU,2022,11,WAS,HOU,5,11
2022_12_ATL_WAS,2022,12,ATL,WAS,3,6
2022_12_ATL_WAS,2022,12,WAS,ATL,3,6
2022_12_BAL_JAX,2022,12,BAL,JAX,1,4
2022_12_BAL_JAX,2022,12,JAX,BAL,3,4
2022_12_BUF_DET,2022,12,BUF,DET,4,6
2022_12_BUF_DET,2022,12,DET,BUF,2,6
2022_12_CHI_NYJ,2022,12,CHI,NYJ,5,7
2022_12_CHI_NYJ,2022,12,NYJ,CHI,2,7
2022_12_CIN_TEN,2022,12,CIN,TEN,5,10
2022_12_CIN_TEN,2022,12,TEN,CIN,5,10
2022_12_DEN_CAR,2022,12,CAR,DEN,5,12
2022_12_DEN_CAR,2022,12,DEN,CAR,7,12
2022_12_GB_PHI,2022,12,GB,PHI,2,3
2022_12_GB_PHI,2022,12,PHI,GB,1,3
2022_12_HOU_MIA,2022,12,HOU,MIA,7,13
2022_12_HOU_MIA,2022,12,MIA,HOU,6,13
2022_12_LAC_ARI,2022,12,ARI,LAC,3,9
2022_12_LAC_ARI,2022,12,LAC,ARI,6,9
2022_12_LA_KC,2022,12,KC,LA,1,5
2022_12_LA_KC,2022,12,LA,KC,4,5
2022_12_LV_SEA,2022,12,LV,SEA,2,6
2022_12_LV_SEA,2022,12,SEA,LV,4,6
2022_12_NE_MIN,2022,12,MIN,NE,3,6
2022_12_NE_MIN,2022,12,NE,MIN,3,6
2022_12_NO_SF,2022,12,NO,SF,4,8
2022_12_NO_SF,2022,12,SF,NO,4,8
2022_12_NYG_DAL,2022,12,DAL,NYG,1,5
2022_12_NYG_DAL,2022,12,NYG,DAL,4,5
2022_12_PIT_IND,2022,12,IND,PIT,3,7
2022_12_PIT_IND,2022,12,PIT,IND,4,7
2022_12_TB_CLE,2022,12,CLE,TB,6,15
2022_12_TB_CLE,2022,12,TB,CLE,9,15
2022_13_BUF_NE,2022,13,BUF,NE,3,9
2022_13_BUF_NE,2022,13,NE,BUF,6,9
2022_13_CLE_HOU,2022,13,CLE,HOU,6,13
2022_13_CLE_HOU,2022,13,HOU,CLE,7,13
2022_13_DEN_BAL,2022,13,BAL,DEN,6,13
2022_13_DEN_BAL,2022,13,DEN,BAL,7,13
2022_13_GB_CHI,2022,13,CHI,GB,1,4
2022_13_GB_CHI,2022,13,GB,CHI,3,4
2022_13_IND_DAL,2022,13,DAL,IND,4,7
2022_13_IND_DAL,2022,13,IND,DAL,3,7
2022_13_JAX_DET,2022,13,DET,JAX,0,3
2022_13_JAX_DET,2022,13,JAX,DET,3,3
2022_13_KC_CIN,2022,13,CIN,KC,1,2
2022_13_KC_CIN,2022,13,KC,CIN,1,2
2022_13_LAC_LV,2022,13,LAC,LV,3,7
2022_13_LAC_LV,2022,13,LV,LAC,4,7
2022_13_MIA_SF,2022,13,MIA,SF,4,8
2022_13_MIA_SF,2022,13,SF,MIA,4,8
2022_13_NO_TB,2022,13,NO,TB,6,11
2022_13_NO_TB,2022,13,TB,NO,5,11
2022_13_NYJ_MIN,2022,13,MIN,NYJ,6,8
2022_13_NYJ_MIN,2022,13,NYJ,MIN,2,8
2022_13_PIT_ATL,2022,13,ATL,PIT,3,5
2022_13_PIT_ATL,2022,13,PIT,ATL,2,5
2022_13_SEA_LA,2022,13,LA,SEA,3,5
2022_13_SEA_LA,2022,13,SEA,LA,2,5
2022_13_TEN_PHI,2022,13,PHI,TEN,5,12
2022_13_TEN_PHI,2022,13,TEN,PHI,7,12
2022_13_WAS_NYG,2022,13,NYG,WAS,7,13
2022_13_WAS_NYG,2022,13,WAS,NYG,6,13
2022_14_BAL_PIT,2022,14,BAL,PIT,3,6
2022_14_BAL_PIT,2022,14,PIT,BAL,3,6
2022_14_CAR_SEA,2022,14,CAR,SEA,2,6
2022_14_CAR_SEA,2022,14,SEA,CAR,4,6
2022_14_CLE_CIN,2022,14,CIN,CLE,5,9
2022_14_CLE_CIN,2022,14,CLE,CIN,4,9
2022_14_HOU_DAL,2022,14,DAL,HOU,3,7
2022_14_HOU_DAL,2022,14,HOU,DAL,4,7
2022_14_JAX_TEN,2022,14,JAX,TEN,3,6
2022_14_JAX_TEN,2022,14,TEN,JAX,3,6
2022_14_KC_DEN,2022,14,DEN,KC,7,10
2022_14_KC_DEN,2022,14,KC,DEN,3,10
2022_14_LV_LA,2022,14,LA,LV,3,6
2022_14_LV_LA,2022,14,LV,LA,3,6
2022_14_MIA_LAC,2022,14,LAC,MIA,4,11
2022_14_MIA_LAC,2022,14,MIA,LAC,7,11
2022_14_MIN_DET,2022,14,DET,MIN,2,5
2022_14_MIN_DET,2022,14,MIN,DET,3,5
2022_14_NE_ARI,2022,14,ARI,NE,2,8
2022_14_NE_ARI,2022,14,NE,ARI,6,8
2022_14_NYJ_BUF,2022,14,BUF,NYJ,8,15
2022_14_NYJ_BUF,2022,14,NYJ,BUF,7,15
2022_14_PHI_NYG,2022,14,NYG,PHI,5,7
2022_14_PHI_NYG,2022,14,PHI,NYG,2,7
2022_14_TB_SF,2022,14,SF,TB,3,6
2022_14_TB_SF,2022,14,TB,SF,3,6
2022_15_ARI_DEN,2022,15,ARI,DEN,6,11
2022_15_ARI_DEN,2022,15,DEN,ARI,5,11
2022_15_ATL_NO,2022,15,ATL,NO,5,9
2022_15_ATL_NO,2022,15,NO,ATL,4,9
2022_15_BAL_CLE,2022,15,BAL,CLE,1,4
2022_15_BAL_CLE,2022,15,CLE,BAL,3,4
2022_15_CIN_TB,2022,15,CIN,TB,4,5
2022_15_CIN_TB,2022,15,TB,CIN,1,5
2022_15_DAL_JAX,2022,15,DAL,JAX,4,7
2022_15_DAL_JAX,2022,15,JAX,DAL,3,7
2022_15_DET_NYJ,2022,15,DET,NYJ,4,10
2022_15_DET_NYJ,2022,15,NYJ,DET,6,10
2022_15_IND_MIN,2022,15,IND,MIN,7,13
2022_15_IND_MIN,2022,15,MIN,IND,6,13
2022_15_KC_HOU,2022,15,HOU,KC,5,9
2022_15_KC_HOU,2022,15,KC,HOU,4,9
2022_15_LA_GB,2022,15,GB,LA,1,5
2022_15_LA_GB,2022,15,LA,GB,4,5
2022_15_MIA_BUF,2022,15,BUF,MIA,5,9
2022_15_MIA_BUF,2022,15,MIA,BUF,4,9
2022_15_NE_LV,2022,15,LV,NE,7,13
2022_15_NE_LV,2022,15,NE,LV,6,13
2022_15_NYG_WAS,2022,15,NYG,WAS,5,9
2022_15_NYG_WAS,2022,15,WAS,NYG,4,9
2022_15_PHI_CHI,2022,15,CHI,PHI,6,8
2022_15_PHI_CHI,2022,15,PHI,CHI,2,8
2022_15_PIT_CAR,2022,15,CAR,PIT,4,7
2022_15_PIT_CAR,2022,15,PIT,CAR,3,7
2022_15_SF_SEA,2022,15,SEA,SF,7,13
2022_15_SF_SEA,2022,15,SF,SEA,6,13
2022_15_TEN_LAC,2022,15,LAC,TEN,7,14
2022_15_TEN_LAC,2022,15,TEN,LAC,7,14
2022_16_ATL_BAL,2022,16,ATL,BAL,3,6
2022_16_ATL_BAL,2022,16,BAL,ATL,3,6
2022_16_BUF_CHI,2022,16,BUF,CHI,3,7
2022_16_BUF_CHI,2022,16,CHI,BUF,4,7
2022_16_CIN_NE,2022,16,CIN,NE,3,9
2022_16_CIN_NE,2022,16,NE,CIN,6,9
2022_16_DEN_LA,2022,16,DEN,LA,2,2
2022_16_DEN_LA,2022,16,LA,DEN,0,2
2022_16_DET_CAR,2022,16,CAR,DET,3,7
2022_16_DET_CAR,2022,16,DET,CAR,4,7
2022_16_GB_MIA,2022,16,GB,MIA,1,2
2022_16_GB_MIA,2022,16,MIA,GB,1,2
2022_16_HOU_TEN,2022,16,HOU,TEN,5,11
2022_16_HOU_TEN,2022,16,TEN,HOU,6,11
2022_16_JAX_NYJ,2022,16,JAX,NYJ,2,7
2022_16_JAX_NYJ,2022,16,NYJ,JAX,5,7
2022_16_LAC_IND,2022,16,IND,LAC,3,7
2022_16_LAC_IND,2022,16,LAC,IND,4,7
2022_16_LV_PIT,2022,16,LV,PIT,5,8
2022_16_LV_PIT,2022,16,PIT,LV,3,8
2022_16_NO_CLE,2022,16,CLE,NO,5,11
2022_16_NO_CLE,2022,16,NO,CLE,6,11
2022_16_NYG_MIN,2022,16,MIN,NYG,5,9
2022_16_NYG_MIN,2022,16,NYG,MIN,4,9
2022_16_PHI_DAL,2022,16,DAL,PHI,1,1
2022_16_PHI_DAL,2022,16,PHI,DAL,0,1
2022_16_SEA_KC,2022,16,KC,SEA,6,11
2022_16_SEA_KC,2022,16,SEA,KC,5,11
2022_16_TB_ARI,2022,16,ARI,TB,7,12
2022_16_TB_ARI,2022,16,TB,ARI,5,12
2022_16_WAS_SF,2022,16,SF,WAS,2,6
2022_16_WAS_SF,2022,16,WAS,SF,4,6
2022_17_ARI_ATL,2022,17,ARI,ATL,2,5
2022_17_ARI_ATL,2022,17,ATL,ARI,3,5
2022_17_CAR_TB,2022,17,CAR,TB,5,10
2022_17_CAR_TB,2022,17,TB,CAR,5,10
2022_17_CHI_DET,2022,17,CHI,DET,7,10
2022_17_CHI_DET,2022,17,DET,CHI,3,10
2022_17_CLE_WAS,2022,17,CLE,WAS,4,6
2022_17_CLE_WAS,2022,17,WAS,CLE,2,6
2022_17_DAL_TEN,2022,17,DAL,TEN,3,8
2022_17_DAL_TEN,2022,17,TEN,DAL,5,8
2022_17_DEN_KC,2022,17,DEN,KC,5,10
2022_17_DEN_KC,2022,17,KC,DEN,5,10
2022_17_IND_NYG,2022,17,IND,NYG,4,5
2022_17_IND_NYG,2022,17,NYG,IND,1,5
2022_17_JAX_HOU,2022,17,HOU,JAX,6,11
2022_17_JAX_HOU,2022,17,JAX,HOU,5,11
2022_17_LA_LAC,2022,17,LA,LAC,5,9
2022_17_LA_LAC,2022,17,LAC,LA,4,9
2022_17_MIA_NE,2022,17,MIA,NE,4,9
2022_17_MIA_NE,2022,17,NE,MIA,5,9
2022_17_MIN_GB,2022,17,GB,MIN,3,5
2022_17_MIN_GB,2022,17,MIN,GB,2,5
2022_17_NO_PHI,2022,17,NO,PHI,6,12
2022_17_NO_PHI,2022,17,PHI,NO,6,12
2022_17_NYJ_SEA,2022,17,NYJ,SEA,3,7
2022_17_NYJ_SEA,2022,17,SEA,NYJ,4,7
2022_17_PIT_BAL,2022,17,BAL,PIT,4,6
2022_17_PIT_BAL,2022,17,PIT,BAL,2,6
2022_17_SF_LV,2022,17,LV,SF,2,4
2022_17_SF_LV,2022,17,SF,LV,2,4
2022_18_ARI_SF,2022,18,ARI,SF,3,8
2022_18_ARI_SF,2022,18,SF,ARI,5,8
2022_18_BAL_CIN,2022,18,BAL,CIN,3,10
2022_18_BAL_CIN,2022,18,CIN,BAL,7,10
2022_18_CAR_NO,2022,18,CAR,NO,6,11
2022_18_CAR_NO,2022,18,NO,CAR,5,11
2022_18_CLE_PIT,2022,18,CLE,PIT,4,7
2022_18_CLE_PIT,2022,18,PIT,CLE,3,7
2022_18_DAL_WAS,2022,18,DAL,WAS,10,17
2022_18_DAL_WAS,2022,18,WAS,DAL,7,17
2022_18_DET_GB,2022,18,DET,GB,4,5
2022_18_DET_GB,2022,18,GB,DET,1,5
2022_18_HOU_IND,2022,18,HOU,IND,4,6
2022_18_HOU_IND,2022,18,IND,HOU,2,6
2022_18_KC_LV,2022,18,KC,LV,4,6
2022_18_KC_LV,2022,18,LV,KC,2,6
2022_18_LAC_DEN,2022,18,DEN,LAC,5,10
2022_18_LAC_DEN,2022,18,LAC,DEN,5,10
2022_18_LA_SEA,2022,18,LA,SEA,6,11
2022_18_LA_SEA,2022,18,SEA,LA,5,11
2022_18_MIN_CHI,2022,18,CHI,MIN,3,4
2022_18_MIN_CHI,2022,18,MIN,CHI,1,4
2022_18_NE_BUF,2022,18,BUF,NE,3,7
2022_18_NE_BUF,2022,18,NE,BUF,4,7
2022_18_NYG_PHI,2022,18,NYG,PHI,6,8
2022_18_NYG_PHI,2022,18,PHI,NYG,2,8
2022_18_NYJ_MIA,2022,18,MIA,NYJ,4,9
2022_18_NYJ_MIA,2022,18,NYJ,MIA,5,9
2022_18_TB_ATL,2022,18,ATL,TB,3,8
2022_18_TB_ATL,2022,18,TB,ATL,5,8
2022_18_TEN_JAX,2022,18,JAX,TEN,4,7
2022_18_TEN_JAX,2022,18,TEN,JAX,3,7
2023_01_ARI_WAS,2023,1,ARI,WAS,5,11
2023_01_ARI_WAS,2023,1,WAS,ARI,6,11
2023_01_BUF_NYJ,2023,1,BUF,NYJ,3,7
2023_01_BUF_NYJ,2023,1,NYJ,BUF,4,7
2023_01_CAR_ATL,2023,1,ATL,CAR,7,12
2023_01_CAR_ATL,2023,1,CAR,ATL,5,12
2023_01_CIN_CLE,2023,1,CIN,CLE,10,17
2023_01_CIN_CLE,2023,1,CLE,CIN,7,17
2023_01_DAL_NYG,2023,1,DAL,NYG,3,6
2023_01_DAL_NYG,2023,1,NYG,DAL,3,6
2023_01_DET_KC,2023,1,DET,KC,5,10
2023_01_DET_KC,2023,1,KC,DET,5,10
2023_01_GB_CHI,2023,1,CHI,GB,4,9
2023_01_GB_CHI,2023,1,GB,CHI,5,9
2023_01_HOU_BAL,2023,1,BAL,HOU,5,9
2023_01_HOU_BAL,2023,1,HOU,BAL,4,9
2023_01_JAX_IND,2023,1,IND,JAX,5,10
2023_01_JAX_IND,2023,1,JAX,IND,5,10
2023_01_LA_SEA,2023,1,LA,SEA,1,5
2023_01_LA_SEA,2023,1,SEA,LA,4,5
2023_01_LV_DEN,2023,1,DEN,LV,2,3
2023_01_LV_DEN,2023,1,LV,DEN,1,3
2023_01_MIA_LAC,2023,1,LAC,MIA,3,4
2023_01_MIA_LAC,2023,1,MIA,LAC,1,4
2023_01_PHI_NE,2023,1,NE,PHI,5,9
2023_01_PHI_NE,2023,1,PHI,NE,4,9
2023_01_SF_PIT,2023,1,PIT,SF,6,9
2023_01_SF_PIT,2023,1,SF,PIT,3,9
2023_01_TB_MIN,2023,1,MIN,TB,5,11
2023_01_TB_MIN,2023,1,TB,MIN,6,11
2023_01_TEN_NO,2023,1,NO,TEN,5,8
2023_01_TEN_NO,2023,1,TEN,NO,3,8
2023_02_BAL_CIN,2023,2,BAL,CIN,2,5
2023_02_BAL_CIN,2023,2,CIN,BAL,3,5
2023_02_CHI_TB,2023,2,CHI,TB,5,9
2023_02_CHI_TB,2023,2,TB,CHI,4,9
2023_02_CLE_PIT,2023,2,CLE,PIT,5,12
2023_02_CLE_PIT,2023,2,PIT,CLE,7,12
2023_02_GB_ATL,2023,2,ATL,GB,1,5
2023_02_GB_ATL,2023,2,GB,ATL,4,5
2023_02_IND_HOU,2023,2,HOU,IND,3,8
2023_02_IND_HOU,2023,2,IND,HOU,5,8
2023_02_KC_JAX,2023,2,JAX,KC,5,9
2023_02_KC_JAX,2023,2,KC,JAX,4,9
2023_02_LAC_TEN,2023,2,LAC,TEN,6,11
2023_02_LAC_TEN,2023,2,TEN,LAC,5,11
2023_02_LV_BUF,2023,2,BUF,LV,1,4
2023_02_LV_BUF,2023,2,LV,BUF,3,4
2023_02_MIA_NE,2023,2,MIA,NE,3,7
2023_02_MIA_NE,2023,2,NE,MIA,4,7
2023_02_MIN_PHI,2023,2,MIN,PHI,3,7
2023_02_MIN_PHI,2023,2,PHI,MIN,4,7
2023_02_NO_CAR,2023,2,CAR,NO,5,10
2023_02_NO_CAR,2023,2,NO,CAR,5,10
2023_02_NYG_ARI,2023,2,ARI,NYG,3,6
2023_02_NYG_ARI,2023,2,NYG,ARI,3,6
2023_02_NYJ_DAL,2023,2,DAL,NYJ,3,8
2023_02_NYJ_DAL,2023,2,NYJ,DAL,5,8
2023_02_SEA_DET,2023,2,DET,SEA,1,4
2023_02_SEA_DET,2023,2,SEA,DET,3,4
2023_02_SF_LA,2023,2,LA,SF,2,6
2023_02_SF_LA,2023,2,SF,LA,4,6
2023_02_WAS_DEN,2023,2,DEN,WAS,3,6
2023_02_WAS_DEN,2023,2,WAS,DEN,3,6
2023_03_ATL_DET,2023,3,ATL,DET,6,12
2023_03_ATL_DET,2023,3,DET,ATL,6,12
2023_03_BUF_WAS,2023,3,BUF,WAS,1,4
2023_03_BUF_WAS,2023,3,WAS,BUF,3,4
2023_03_CAR_SEA,2023,3,CAR,SEA,5,7
2023_03_CAR_SEA,2023,3,SEA,CAR,2,7
2023_03_CHI_KC,2023,3,CHI,KC,5,6
2023_03_CHI_KC,2023,3,KC,CHI,1,6
2023_03_DAL_ARI,2023,3,ARI,DAL,2,4
2023_03_DAL_ARI,2023,3,DAL,ARI,2,4
2023_03_DEN_MIA,2023,3,DEN,MIA,5,6
2023_03_DEN_MIA,2023,3,MIA,DEN,1,6
2023_03_HOU_JAX,2023,3,HOU,JAX,4,6
2023_03_HOU_JAX,2023,3,JAX,HOU,2,6
2023_03_IND_BAL,2023,3,BAL,IND,7,14
2023_03_IND_BAL,2023,3,IND,BAL,7,14
2023_03_LAC_MIN,2023,3,LAC,MIN,3,6
2023_03_LAC_MIN,2023,3,MIN,LAC,3,6
2023_03_LA_CIN,2023,3,CIN,LA,5,11
2023_03_LA_CIN,2023,3,LA,CIN,6,11
2023_03_NE_NYJ,2023,3,NE,NYJ,8,16
2023_03_NE_NYJ,2023,3,NYJ,NE,8,16
2023_03_NO_GB,2023,3,GB,NO,4,11
2023_03_NO_GB,2023,3,NO,GB,7,11
2023_03_NYG_SF,2023,3,NYG,SF,6,9
2023_03_NYG_SF,2023,3,SF,NYG,3,9
2023_03_PHI_TB,2023,3,PHI,TB,1,5
2023_03_PHI_TB,2023,3,TB,PHI,4,5
2023_03_PIT_LV,2023,3,LV,PIT,5,11
2023_03_PIT_LV,2023,3,PIT,LV,6,11
2023_03_TEN_CLE,2023,3,CLE,TEN,3,10
2023_03_TEN_CLE,2023,3,TEN,CLE,7,10
2023_04_ARI_SF,2023,4,ARI,SF,3,4
2023_04_ARI_SF,2023,4,SF,ARI,1,4
2023_04_ATL_JAX,2023,4,ATL,JAX,5,8
2023_04_ATL_JAX,2023,4,JAX,ATL,3,8
2023_04_BAL_CLE,2023,4,BAL,CLE,7,15
2023_04_BAL_CLE,2023,4,CLE,BAL,8,15
2023_04_CIN_TEN,2023,4,CIN,TEN,5,7
2023_04_CIN_TEN,2023,4,TEN,CIN,2,7
2023_04_DEN_CHI,2023,4,CHI,DEN,2,6
2023_04_DEN_CHI,2023,4,DEN,CHI,4,6
2023_04_DET_GB,2023,4,DET,GB,4,9
2023_04_DET_GB,2023,4,GB,DET,5,9
2023_04_KC_NYJ,2023,4,KC,NYJ,2,7
2023_04_KC_NYJ,2023,4,NYJ,KC,5,7
2023_04_LA_IND,2023,4,IND,LA,4,7
2023_04_LA_IND,2023,4,LA,IND,3,7
2023_04_LV_LAC,2023,4,LAC,LV,4,9
2023_04_LV_LAC,2023,4,LV,LAC,5,9
2023_04_MIA_BUF,2023,4,BUF,MIA,2,5
2023_04_MIA_BUF,2023,4,MIA,BUF,3,5
2023_04_MIN_CAR,2023,4,CAR,MIN,5,9
2023_04_MIN_CAR,2023,4,MIN,CAR,4,9
2023_04_NE_DAL,2023,4,DAL,NE,2,7
2023_04_NE_DAL,2023,4,NE,DAL,5,7
2023_04_PIT_HOU,2023,4,HOU,PIT,3,8
2023_04_PIT_HOU,2023,4,PIT,HOU,5,8
2023_04_SEA_NYG,2023,4,NYG,SEA,5,9
2023_04_SEA_NYG,2023,4,SEA,NYG,4,9
2023_04_TB_NO,2023,4,NO,TB,4,8
2023_04_TB_NO,2023,4,TB,NO,4,8
2023_04_WAS_PHI,2023,4,PHI,WAS,3,8
2023_04_WAS_PHI,2023,4,WAS,PHI,5,8
2023_05_BAL_PIT,2023,5,BAL,PIT,5,11
2023_05_BAL_PIT,2023,5,PIT,BAL,6,11
2023_05_CAR_DET,2023,5,CAR,DET,3,5
2023_05_CAR_DET,2023,5,DET,CAR,2,5
2023_05_CHI_WAS,2023,5,CHI,WAS,3,5
2023_05_CHI_WAS,2023,5,WAS,CHI,2,5
2023_05_CIN_ARI,2023,5,ARI,CIN,4,7
2023_05_CIN_ARI,2023,5,CIN,ARI,3,7
2023_05_DAL_SF,2023,5,DAL,SF,5,9
2023_05_DAL_SF,2023,5,SF,DAL,4,9
2023_05_GB_LV,2023,5,GB,LV,4,8
2023_05_GB_LV,2023,5,LV,GB,4,8
2023_05_HOU_ATL,2023,5,ATL,HOU,5,11
2023_05_HOU_ATL,2023,5,HOU,ATL,6,11
2023_05_JAX_BUF,2023,5,BUF,JAX,6,11
2023_05_JAX_BUF,2023,5,JAX,BUF,5,11
2023_05_KC_MIN,2023,5,KC,MIN,3,4
2023_05_KC_MIN,2023,5,MIN,KC,1,4
2023_05_NO_NE,2023,5,NE,NO,8,15
2023_05_NO_NE,2023,5,NO,NE,7,15
2023_05_NYG_MIA,2023,5,MIA,NYG,2,6
2023_05_NYG_MIA,2023,5,NYG,MIA,4,6
2023_05_NYJ_DEN,2023,5,DEN,NYJ,4,7
2023_05_NYJ_DEN,2023,5,NYJ,DEN,3,7
2023_05_PHI_LA,2023,5,LA,PHI,4,5
2023_05_PHI_LA,2023,5,PHI,LA,1,5
2023_05_TEN_IND,2023,5,IND,TEN,1,2
2023_05_TEN_IND,2023,5,TEN,IND,1,2
2023_06_ARI_LA,2023,6,ARI,LA,3,7
2023_06_ARI_LA,2023,6,LA,ARI,4,7
2023_06_BAL_TEN,2023,6,BAL,TEN,3,8
2023_06_BAL_TEN,2023,6,TEN,BAL,5,8
2023_06_CAR_MIA,2023,6,CAR,MIA,4,8
2023_06_CAR_MIA,2023,6,MIA,CAR,4,8
2023_06_DAL_LAC,2023,6,DAL,LAC,4,9
2023_06_DAL_LAC,2023,6,LAC,DAL,5,9
2023_06_DEN_KC,2023,6,DEN,KC,5,8
2023_06_DEN_KC,2023,6,KC,DEN,3,8
2023_06_DET_TB,2023,6,DET,TB,4,10
2023_06_DET_TB,2023,6,TB,DET,6,10
2023_06_IND_JAX,2023,6,IND,JAX,3,7
2023_06_IND_JAX,2023,6,JAX,IND,4,7
2023_06_MIN_CHI,2023,6,CHI,MIN,4,9
2023_06_MIN_CHI,2023,6,MIN,CHI,5,9
2023_06_NE_LV,2023,6,LV,NE,2,5
2023_06_NE_LV,2023,6,NE,LV,3,5
2023_06_NO_HOU,2023,6,HOU,NO,5,8
2023_06_NO_HOU,2023,6,NO,HOU,3,8
2023_06_NYG_BUF,2023,6,BUF,NYG,3,7
2023_06_NYG_BUF,2023,6,NYG,BUF,4,7
2023_06_PHI_NYJ,2023,6,NYJ,PHI,4,6
2023_06_PHI_NYJ,2023,6,PHI,NYJ,2,6
2023_06_SEA_CIN,2023,6,CIN,SEA,6,9
2023_06_SEA_CIN,2023,6,SEA,CIN,3,9
2023_06_SF_CLE,2023,6,CLE,SF,4,10
2023_06_SF_CLE,2023,6,SF,CLE,6,10
2023_06_WAS_ATL,2023,6,ATL,WAS,3,9
2023_06_WAS_ATL,2023,6,WAS,ATL,6,9
2023_07_ARI_SEA,2023,7,ARI,SEA,5,8
2023_07_ARI_SEA,2023,7,SEA,ARI,3,8
2023_07_ATL_TB,2023,7,ATL,TB,3,6
2023_07_ATL_TB,2023,7,TB,ATL,3,6
2023_07_BUF_NE,2023,7,BUF,NE,1,3
2023_07_BUF_NE,2023,7,NE,BUF,2,3
2023_07_CLE_IND,2023,7,CLE,IND,5,10
2023_07_CLE_IND,2023,7,IND,CLE,5,10
2023_07_DET_BAL,2023,7,BAL,DET,2,6
2023_07_DET_BAL,2023,7,DET,BAL,4,6
2023_07_GB_DEN,2023,7,DEN,GB,3,6
2023_07_GB_DEN,2023,7,GB,DEN,3,6
2023_07_JAX_NO,2023,7,JAX,NO,5,9
2023_07_JAX_NO,2023,7,NO,JAX,4,9
2023_07_LAC_KC,2023,7,KC,LAC,3,8
2023_07_LAC_KC,2023,7,LAC,KC,5,8
2023_07_LV_CHI,2023,7,CHI,LV,3,5
2023_07_LV_CHI,2023,7,LV,CHI,2,5
2023_07_MIA_PHI,2023,7,MIA,PHI,3,4
2023_07_MIA_PHI,2023,7,PHI,MIA,1,4
2023_07_PIT_LA,2023,7,LA,PIT,4,9
2023_07_PIT_LA,2023,7,PIT,LA,5,9
2023_07_SF_MIN,2023,7,MIN,SF,1,2
2023_07_SF_MIN,2023,7,SF,MIN,1,2
2023_07_WAS_NYG,2023,7,NYG,WAS,8,18
2023_07_WAS_NYG,2023,7,WAS,NYG,10,18
2023_08_ATL_TEN,2023,8,ATL,TEN,6,14
2023_08_ATL_TEN,2023,8,TEN,ATL,8,14
2023_08_BAL_ARI,2023,8,ARI,BAL,4,9
2023_08_BAL_ARI,2023,8,BAL,ARI,5,9
2023_08_CHI_LAC,2023,8,CHI,LAC,3,5
2023_08_CHI_LAC,2023,8,LAC,CHI,2,5
2023_08_CIN_SF,2023,8,CIN,SF,3,6
2023_08_CIN_SF,2023,8,SF,CIN,3,6
2023_08_CLE_SEA,2023,8,CLE,SEA,3,8
2023_08_CLE_SEA,2023,8,SEA,CLE,5,8
2023_08_HOU_CAR,2023,8,CAR,HOU,4,10
2023_08_HOU_CAR,2023,8,HOU,CAR,6,10
2023_08_JAX_PIT,2023,8,JAX,PIT,3,9
2023_08_JAX_PIT,2023,8,PIT,JAX,6,9
2023_08_KC_DEN,2023,8,DEN,KC,4,6
2023_08_KC_DEN,2023,8,KC,DEN,2,6
2023_08_LA_DAL,2023,8,DAL,LA,2,7
2023_08_LA_DAL,2023,8,LA,DAL,5,7
2023_08_LV_DET,2023,8,DET,LV,1,6
2023_08_LV_DET,2023,8,LV,DET,5,6
2023_08_MIN_GB,2023,8,GB,MIN,4,6
2023_08_MIN_GB,2023,8,MIN,GB,2,6
2023_08_NE_MIA,2023,8,MIA,NE,3,8
2023_08_NE_MIA,2023,8,NE,MIA,5,8
2023_08_NO_IND,2023,8,IND,NO,5,9
2023_08_NO_IND,2023,8,NO,IND,4,9
2023_08_NYJ_NYG,2023,8,NYG,NYJ,13,24
2023_08_NYJ_NYG,2023,8,NYJ,NYG,11,24
2023_08_PHI_WAS,2023,8,PHI,WAS,2,4
2023_08_PHI_WAS,2023,8,WAS,PHI,2,4
2023_08_TB_BUF,2023,8,BUF,TB,4,10
2023_08_TB_BUF,2023,8,TB,BUF,6,10
2023_09_ARI_CLE,2023,9,ARI,CLE,9,16
2023_09_ARI_CLE,2023,9,CLE,ARI,7,16
2023_09_BUF_CIN,2023,9,BUF,CIN,3,6
2023_09_BUF_CIN,2023,9,CIN,BUF,3,6
2023_09_CHI_NO,2023,9,CHI,NO,2,6
2023_09_CHI_NO,2023,9,NO,CHI,4,6
2023_09_DAL_PHI,2023,9,DAL,PHI,2,7
2023_09_DAL_PHI,2023,9,PHI,DAL,5,7
2023_09_IND_CAR,2023,9,CAR,IND,4,9
2023_09_IND_CAR,2023,9,IND,CAR,5,9
2023_09_LAC_NYJ,2023,9,LAC,NYJ,8,15
2023_09_LAC_NYJ,2023,9,NYJ,LAC,7,15
2023_09_LA_GB,2023,9,GB,LA,4,9
2023_09_LA_GB,2023,9,LA,GB,5,9
2023_09_MIA_KC,2023,9,KC,MIA,6,13
2023_09_MIA_KC,2023,9,MIA,KC,7,13
2023_09_MIN_ATL,2023,9,ATL,MIN,4,7
2023_09_MIN_ATL,2023,9,MIN,ATL,3,7
2023_09_NYG_LV,2023,9,LV,NYG,5,9
2023_09_NYG_LV,2023,9,NYG,LV,4,9
2023_09_SEA_BAL,2023,9,BAL,SEA,2,9
2023_09_SEA_BAL,2023,9,SEA,BAL,7,9
2023_09_TB_HOU,2023,9,HOU,TB,3,7
2023_09_TB_HOU,2023,9,TB,HOU,4,7
2023_09_TEN_PIT,2023,9,PIT,TEN,4,7
2023_09_TEN_PIT,2023,9,TEN,PIT,3,7
2023_09_WAS_NE,2023,9,NE,WAS,6,11
2023_09_WAS_NE,2023,9,WAS,NE,5,11
2023_10_ATL_ARI,2023,10,ARI,ATL,3,7
2023_10_ATL_ARI,2023,10,ATL,ARI,4,7
2023_10_CAR_CHI,2023,10,CAR,CHI,6,12
2023_10_CAR_CHI,2023,10,CHI,CAR,6,12
2023_10_CLE_BAL,2023,10,BAL,CLE,3,5
2023_10_CLE_BAL,2023,10,CLE,BAL,2,5
2023_10_DEN_BUF,2023,10,BUF,DEN,3,8
2023_10_DEN_BUF,2023,10,DEN,BUF,5,8
2023_10_DET_LAC,2023,10,DET,LAC,1,3
2023_10_DET_LAC,2023,10,LAC,DET,2,3
2023_10_GB_PIT,2023,10,GB,PIT,4,9
2023_10_GB_PIT,2023,10,PIT,GB,5,9
2023_10_HOU_CIN,2023,10,CIN,HOU,5,9
2023_10_HOU_CIN,2023,10,HOU,CIN,4,9
2023_10_IND_NE,2023,10,IND,NE,5,9
2023_10_IND_NE,2023,10,NE,IND,4,9
2023_10_NO_MIN,2023,10,MIN,NO,6,12
2023_10_NO_MIN,2023,10,NO,MIN,6,12
2023_10_NYG_DAL,2023,10,DAL,NYG,2,9
2023_10_NYG_DAL,2023,10,NYG,DAL,7,9
2023_10_NYJ_LV,2023,10,LV,NYJ,5,10
2023_10_NYJ_LV,2023,10,NYJ,LV,5,10
2023_10_SF_JAX,2023,10,JAX,SF,5,8
2023_10_SF_JAX,2023,10,SF,JAX,3,8
2023_10_TEN_TB,2023,10,TB,TEN,5,9
2023_10_TEN_TB,2023,10,TEN,TB,4,9
2023_10_WAS_SEA,2023,10,SEA,WAS,4,9
2023_10_WAS_SEA,2023,10,WAS,SEA,5,9
2023_11_ARI_HOU,2023,11,ARI,HOU,2,4
2023_11_ARI_HOU,2023,11,HOU,ARI,2,4
2023_11_CHI_DET,2023,11,CHI,DET,2,4
2023_11_CHI_DET,2023,11,DET,CHI,2,4
2023_11_CIN_BAL,2023,11,BAL,CIN,4,9
2023_11_CIN_BAL,2023,11,CIN,BAL,5,9
2023_11_DAL_CAR,2023,11,CAR,DAL,5,8
2023_11_DAL_CAR,2023,11,DAL,CAR,3,8
2023_11_LAC_GB,2023,11,GB,LAC,4,7
2023_11_LAC_GB,2023,11,LAC,GB,3,7
2023_11_LV_MIA,2023,11,LV,MIA,6,9
2023_11_LV_MIA,2023,11,MIA,LV,3,9
2023_11_MIN_DEN,2023,11,DEN,MIN,4,6
2023_11_MIN_DEN,2023,11,MIN,DEN,2,6
2023_11_NYG_WAS,2023,11,NYG,WAS,7,9
2023_11_NYG_WAS,2023,11,WAS,NYG,2,9
2023_11_NYJ_BUF,2023,11,BUF,NYJ,3,9
2023_11_NYJ_BUF,2023,11,NYJ,BUF,6,9
2023_11_PHI_KC,2023,11,KC,PHI,6,13
2023_11_PHI_KC,2023,11,PHI,KC,7,13
2023_11_PIT_CLE,2023,11,CLE,PIT,8,17
2023_11_PIT_CLE,2023,11,PIT,CLE,9,17
2023_11_SEA_LA,2023,11,LA,SEA,5,9
2023_11_SEA_LA,2023,11,SEA,LA,4,9
2023_11_TB_SF,2023,11,SF,TB,3,6
2023_11_TB_SF,2023,11,TB,SF,3,6
2023_11_TEN_JAX,2023,11,JAX,TEN,2,6
2023_11_TEN_JAX,2023,11,TEN,JAX,4,6
2023_12_BAL_LAC,2023,12,BAL,LAC,3,6
2023_12_BAL_LAC,2023,12,LAC,BAL,3,6
2023_12_BUF_PHI,2023,12,BUF,PHI,4,9
2023_12_BUF_PHI,2023,12,PHI,BUF,5,9
2023_12_CAR_TEN,2023,12,CAR,TEN,6,13
2023_12_CAR_TEN,2023,12,TEN,CAR,7,13
2023_12_CHI_MIN,2023,12,CHI,MIN,3,6
2023_12_CHI_MIN,2023,12,MIN,CHI,3,6
2023_12_CLE_DEN,2023,12,CLE,DEN,3,8
2023_12_CLE_DEN,2023,12,DEN,CLE,5,8
2023_12_GB_DET,2023,12,DET,GB,2,6
2023_12_GB_DET,2023,12,GB,DET,4,6
2023_12_JAX_HOU,2023,12,HOU,JAX,4,6
2023_12_JAX_HOU,2023,12,JAX,HOU,2,6
2023_12_KC_LV,2023,12,KC,LV,4,7
2023_12_KC_LV,2023,12,LV,KC,3,7
2023_12_LA_ARI,2023,12,ARI,LA,5,7
2023_12_LA_ARI,2023,12,LA,ARI,2,7
2023_12_MIA_NYJ,2023,12,MIA,NYJ,1,7
2023_12_MIA_NYJ,2023,12,NYJ,MIA,6,7
2023_12_NE_NYG,2023,12,NE,NYG,6,14
2023_12_NE_NYG,2023,12,NYG,NE,8,14
2023_12_NO_ATL,2023,12,ATL,NO,2,3
2023_12_NO_ATL,2023,12,NO,ATL,1,3
2023_12_PIT_CIN,2023,12,CIN,PIT,6,10
2023_12_PIT_CIN,2023,12,PIT,CIN,4,10
2023_12_SF_SEA,2023,12,SEA,SF,5,10
2023_12_SF_SEA,2023,12,SF,SEA,5,10
2023_12_TB_IND,2023,12,IND,TB,2,6
2023_12_TB_IND,2023,12,TB,IND,4,6
2023_12_WAS_DAL,2023,12,DAL,WAS,3,6
2023_12_WAS_DAL,2023,12,WAS,DAL,3,6
2023_13_ARI_PIT,2023,13,ARI,PIT,5,9
2023_13_ARI_PIT,2023,13,PIT,ARI,4,9
2023_13_ATL_NYJ,2023,13,ATL,NYJ,9,16
2023_13_ATL_NYJ,2023,13,NYJ,ATL,7,16
2023_13_CAR_TB,2023,13,CAR,TB,8,16
2023_13_CAR_TB,2023,13,TB,CAR,8,16
2023_13_CIN_JAX,2023,13,CIN,JAX,1,6
2023_13_CIN_JAX,2023,13,JAX,CIN,5,6
2023_13_CLE_LA,2023,13,CLE,LA,5,10
2023_13_CLE_LA,2023,13,LA,CLE,5,10
2023_13_DEN_HOU,2023,13,DEN,HOU,6,13
2023_13_DEN_HOU,2023,13,HOU,DEN,7,13
2023_13_DET_NO,2023,13,DET,NO,5,9
2023_13_DET_NO,2023,13,NO,DET,4,9
2023_13_IND_TEN,2023,13,IND,TEN,5,12
2023_13_IND_TEN,2023,13,TEN,IND,7,12
2023_13_KC_GB,2023,13,GB,KC,2,3
2023_13_KC_GB,2023,13,KC,GB,1,3
2023_13_LAC_NE,2023,13,LAC,NE,8,15
2023_13_LAC_NE,2023,13,NE,LAC,7,15
2023_13_MIA_WAS,2023,13,MIA,WAS,3,8
2023_13_MIA_WAS,2023,13,WAS,MIA,5,8
2023_13_SEA_DAL,2023,13,DAL,SEA,0,0
2023_13_SEA_DAL,2023,13,SEA,DAL,0,0
2023_13_SF_PHI,2023,13,PHI,SF,3,5
2023_13_SF_PHI,2023,13,SF,PHI,2,5
2023_14_BUF_KC,2023,14,BUF,KC,4,8
2023_14_BUF_KC,2023,14,KC,BUF,4,8
2023_14_CAR_NO,2023,14,CAR,NO,2,7
2023_14_CAR_NO,2023,14,NO,CAR,5,7
2023_14_DEN_LAC,2023,14,DEN,LAC,7,12
2023_14_DEN_LAC,2023,14,LAC,DEN,5,12
2023_14_DET_CHI,2023,14,CHI,DET,3,7
2023_14_DET_CHI,2023,14,DET,CHI,4,7
2023_14_GB_NYG,2023,14,GB,NYG,3,7
2023_14_GB_NYG,2023,14,NYG,GB,4,7
2023_14_HOU_NYJ,2023,14,HOU,NYJ,8,13
2023_14_HOU_NYJ,2023,14,NYJ,HOU,5,13
2023_14_IND_CIN,2023,14,CIN,IND,4,8
2023_14_IND_CIN,2023,14,IND,CIN,4,8
2023_14_JAX_CLE,2023,14,CLE,JAX,8,15
2023_14_JAX_CLE,2023,14,JAX,CLE,7,15
2023_14_LA_BAL,2023,14,BAL,LA,4,10
2023_14_LA_BAL,2023,14,LA,BAL,6,10
2023_14_MIN_LV,2023,14,LV,MIN,8,17
2023_14_MIN_LV,2023,14,MIN,LV,9,17
2023_14_NE_PIT,2023,14,NE,PIT,9,15
2023_14_NE_PIT,2023,14,PIT,NE,6,15
2023_14_PHI_DAL,2023,14,DAL,PHI,1,2
2023_14_PHI_DAL,2023,14,PHI,DAL,1,2
2023_14_SEA_SF,2023,14,SEA,SF,6,11
2023_14_SEA_SF,2023,14,SF,SEA,5,11
2023_14_TB_ATL,2023,14,ATL,TB,4,10
2023_14_TB_ATL,2023,14,TB,ATL,6,10
2023_14_TEN_MIA,2023,14,MIA,TEN,5,10
2023_14_TEN_MIA,2023,14,TEN,MIA,5,10
2023_15_ATL_CAR,2023,15,ATL,CAR,5,10
2023_15_ATL_CAR,2023,15,CAR,ATL,5,10
2023_15_BAL_JAX,2023,15,BAL,JAX,3,6
2023_15_BAL_JAX,2023,15,JAX,BAL,3,6
2023_15_CHI_CLE,2023,15,CHI,CLE,10,19
2023_15_CHI_CLE,2023,15,CLE,CHI,9,19
2023_15_DAL_BUF,2023,15,BUF,DAL,2,7
2023_15_DAL_BUF,2023,15,DAL,BUF,5,7
2023_15_DEN_DET,2023,15,DEN,DET,5,9
2023_15_DEN_DET,2023,15,DET,DEN,4,9
2023_15_HOU_TEN,2023,15,HOU,TEN,6,14
2023_15_HOU_TEN,2023,15,TEN,HOU,8,14
2023_15_KC_NE,2023,15,KC,NE,4,10
2023_15_KC_NE,2023,15,NE,KC,6,10
2023_15_LAC_LV,2023,15,LAC,LV,5,11
2023_15_LAC_LV,2023,15,LV,LAC,6,11
2023_15_MIN_CIN,2023,15,CIN,MIN,4,7
2023_15_MIN_CIN,2023,15,MIN,CIN,3,7
2023_15_NYG_NO,2023,15,NO,NYG,4,9
2023_15_NYG_NO,2023,15,NYG,NO,5,9
2023_15_NYJ_MIA,2023,15,MIA,NYJ,4,9
2023_15_NYJ_MIA,2023,15,NYJ,MIA,5,9
2023_15_PHI_SEA,2023,15,PHI,SEA,5,10
2023_15_PHI_SEA,2023,15,SEA,PHI,5,10
2023_15_PIT_IND,2023,15,IND,PIT,2,6
2023_15_PIT_IND,2023,15,PIT,IND,4,6
2023_15_SF_ARI,2023,15,ARI,SF,2,4
2023_15_SF_ARI,2023,15,SF,ARI,2,4
2023_15_TB_GB,2023,15,GB,TB,2,3
2023_15_TB_GB,2023,15,TB,GB,1,3
2023_15_WAS_LA,2023,15,LA,WAS,3,8
2023_15_WAS_LA,2023,15,WAS,LA,5,8
2023_16_ARI_CHI,2023,16,ARI,CHI,6,11
2023_16_ARI_CHI,2023,16,CHI,ARI,5,11
2023_16_BAL_SF,2023,16,BAL,SF,3,5
2023_16_BAL_SF,2023,16,SF,BAL,2,5
2023_16_BUF_LAC,2023,16,BUF,LAC,4,8
2023_16_BUF_LAC,2023,16,LAC,BUF,4,8
2023_16_CIN_PIT,2023,16,CIN,PIT,3,8
2023_16_CIN_PIT,2023,16,PIT,CIN,5,8
2023_16_CLE_HOU,2023,16,CLE,HOU,3,9
2023_16_CLE_HOU,2023,16,HOU,CLE,6,9
2023_16_DAL_MIA,2023,16,DAL,MIA,3,5
2023_16_DAL_MIA,2023,16,MIA,DAL,2,5
2023_16_DET_MIN,2023,16,DET,MIN,3,5
2023_16_DET_MIN,2023,16,MIN,DET,2,5
2023_16_GB_CAR,2023,16,CAR,GB,3,6
2023_16_GB_CAR,2023,16,GB,CAR,3,6
2023_16_IND_ATL,2023,16,ATL,IND,3,7
2023_16_IND_ATL,2023,16,IND,ATL,4,7
2023_16_JAX_TB,2023,16,JAX,TB,1,3
2023_16_JAX_TB,2023,16,TB,JAX,2,3
2023_16_LV_KC,2023,16,KC,LV,4,10
2023_16_LV_KC,2023,16,LV,KC,6,10
2023_16_NE_DEN,2023,16,DEN,NE,7,14
2023_16_NE_DEN,2023,16,NE,DEN,7,14
2023_16_NO_LA,2023,16,LA,NO,2,4
2023_16_NO_LA,2023,16,NO,LA,2,4
2023_16_NYG_PHI,2023,16,NYG,PHI,4,6
2023_16_NYG_PHI,2023,16,PHI,NYG,2,6
2023_16_SEA_TEN,2023,16,SEA,TEN,3,6
2023_16_SEA_TEN,2023,16,TEN,SEA,3,6
2023_16_WAS_NYJ,2023,16,NYJ,WAS,6,14
2023_16_WAS_NYJ,2023,16,WAS,NYJ,8,14
2023_17_ARI_PHI,2023,17,ARI,PHI,0,2
2023_17_ARI_PHI,2023,17,PHI,ARI,2,2
2023_17_ATL_CHI,2023,17,ATL,CHI,3,7
2023_17_ATL_CHI,2023,17,CHI,ATL,4,7
2023_17_CAR_JAX,2023,17,CAR,JAX,6,9
2023_17_CAR_JAX,2023,17,JAX,CAR,3,9
2023_17_CIN_KC,2023,17,CIN,KC,4,5
2023_17_CIN_KC,2023,17,KC,CIN,1,5
2023_17_DET_DAL,2023,17,DAL,DET,4,8
2023_17_DET_DAL,2023,17,DET,DAL,4,8
2023_17_GB_MIN,2023,17,GB,MIN,2,6
2023_17_GB_MIN,2023,17,MIN,GB,4,6
2023_17_LAC_DEN,2023,17,DEN,LAC,5,9
2023_17_LAC_DEN,2023,17,LAC,DEN,4,9
2023_17_LA_NYG,2023,17,LA,NYG,5,10
2023_17_LA_NYG,2023,17,NYG,LA,5,10
2023_17_LV_IND,2023,17,IND,LV,3,8
2023_17_LV_IND,2023,17,LV,IND,5,8
2023_17_MIA_BAL,2023,17,BAL,MIA,2,5
2023_17_MIA_BAL,2023,17,MIA,BAL,3,5
2023_17_NE_BUF,2023,17,BUF,NE,6,10
2023_17_NE_BUF,2023,17,NE,BUF,4,10
2023_17_NO_TB,2023,17,NO,TB,6,11
2023_17_NO_TB,2023,17,TB,NO,5,11
2023_17_NYJ_CLE,2023,17,CLE,NYJ,3,8
2023_17_NYJ_CLE,2023,17,NYJ,CLE,5,8
2023_17_PIT_SEA,2023,17,PIT,SEA,1,4
2023_17_PIT_SEA,2023,17,SEA,PIT,3,4
2023_17_SF_WAS,2023,17,SF,WAS,2,5
2023_17_SF_WAS,2023,17,WAS,SF,3,5
2023_17_TEN_HOU,2023,17,HOU,TEN,3,8
2023_17_TEN_HOU,2023,17,TEN,HOU,5,8
2023_18_ATL_NO,2023,18,ATL,NO,5,9
2023_18_ATL_NO,2023,18,NO,ATL,4,9
2023_18_BUF_MIA,2023,18,BUF,MIA,1,6
2023_18_BUF_MIA,2023,18,MIA,BUF,5,6
2023_18_CHI_GB,2023,18,CHI,GB,3,3
2023_18_CHI_GB,2023,18,GB,CHI,0,3
2023_18_CLE_CIN,2023,18,CIN,CLE,6,13
2023_18_CLE_CIN,2023,18,CLE,CIN,7,13
2023_18_DAL_WAS,2023,18,DAL,WAS,0,2
2023_18_DAL_WAS,2023,18,WAS,DAL,2,2
2023_18_DEN_LV,2023,18,DEN,LV,5,9
2023_18_DEN_LV,2023,18,LV,DEN,4,9
2023_18_HOU_IND,2023,18,HOU,IND,6,10
2023_18_HOU_IND,2023,18,IND,HOU,4,10
2023_18_JAX_TEN,2023,18,JAX,TEN,1,4
2023_18_JAX_TEN,2023,18,TEN,JAX,3,4
2023_18_KC_LAC,2023,18,KC,LAC,6,11
2023_18_KC_LAC,2023,18,LAC,KC,5,11
2023_18_LA_SF,2023,18,LA,SF,2,5
2023_18_LA_SF,2023,18,SF,LA,3,5
2023_18_MIN_DET,2023,18,DET,MIN,5,9
2023_18_MIN_DET,2023,18,MIN,DET,4,9
2023_18_NYJ_NE,2023,18,NE,NYJ,9,16
2023_18_NYJ_NE,2023,18,NYJ,NE,7,16
2023_18_PHI_NYG,2023,18,NYG,PHI,5,9
2023_18_PHI_NYG,2023,18,PHI,NYG,4,9
2023_18_PIT_BAL,2023,18,BAL,PIT,7,13
2023_18_PIT_BAL,2023,18,PIT,BAL,6,13
2023_18_SEA_ARI,2023,18,ARI,SEA,3,8
2023_18_SEA_ARI,2023,18,SEA,ARI,5,8
2023_18_TB_CAR,2023,18,CAR,TB,6,12
2023_18_TB_CAR,2023,18,TB,CAR,6,12
2024_01_ARI_BUF,2024,1,ARI,BUF,2,4
2024_01_ARI_BUF,2024,1,BUF,ARI,2,4
2024_01_BAL_KC,2024,1,BAL,KC,2,5
2024_01_BAL_KC,2024,1,KC,BAL,3,5
2024_01_CAR_NO,2024,1,CAR,NO,5,7
2024_01_CAR_NO,2024,1,NO,CAR,2,7
2024_01_DAL_CLE,2024,1,CLE,DAL,7,13
2024_01_DAL_CLE,2024,1,DAL,CLE,6,13
2024_01_DEN_SEA,2024,1,DEN,SEA,8,13
2024_01_DEN_SEA,2024,1,SEA,DEN,5,13
2024_01_GB_PHI,2024,1,GB,PHI,2,4
2024_01_GB_PHI,2024,1,PHI,GB,2,4
2024_01_HOU_IND,2024,1,HOU,IND,2,5
2024_01_HOU_IND,2024,1,IND,HOU,3,5
2024_01_JAX_MIA,2024,1,JAX,MIA,6,10
2024_01_JAX_MIA,2024,1,MIA,JAX,4,10
2024_01_LA_DET,2024,1,DET,LA,4,7
2024_01_LA_DET,2024,1,LA,DET,3,7
2024_01_LV_LAC,2024,1,LAC,LV,7,12
2024_01_LV_LAC,2024,1,LV,LAC,5,12
2024_01_MIN_NYG,2024,1,MIN,NYG,4,10
2024_01_MIN_NYG,2024,1,NYG,MIN,6,10
2024_01_NE_CIN,2024,1,CIN,NE,4,9
2024_01_NE_CIN,2024,1,NE,CIN,5,9
2024_01_NYJ_SF,2024,1,NYJ,SF,3,4
2024_01_NYJ_SF,2024,1,SF,NYJ,1,4
2024_01_PIT_ATL,2024,1,ATL,PIT,4,7
2024_01_PIT_ATL,2024,1,PIT,ATL,3,7
2024_01_TEN_CHI,2024,1,CHI,TEN,6,12
2024_01_TEN_CHI,2024,1,TEN,CHI,6,12
2024_01_WAS_TB,2024,1,TB,WAS,1,4
2024_01_WAS_TB,2024,1,WAS,TB,3,4
2024_02_ATL_PHI,2024,2,ATL,PHI,2,4
2024_02_ATL_PHI,2024,2,PHI,ATL,2,4
2024_02_BUF_MIA,2024,2,BUF,MIA,3,4
2024_02_BUF_MIA,2024,2,MIA,BUF,1,4
2024_02_CHI_HOU,2024,2,CHI,HOU,6,12
2024_02_CHI_HOU,2024,2,HOU,CHI,6,12
2024_02_CIN_KC,2024,2,CIN,KC,2,4
2024_02_CIN_KC,2024,2,KC,CIN,2,4
2024_02_CLE_JAX,2024,2,CLE,JAX,5,8
2024_02_CLE_JAX,2024,2,JAX,CLE,3,8
2024_02_IND_GB,2024,2,GB,IND,3,6
2024_02_IND_GB,2024,2,IND,GB,3,6
2024_02_LAC_CAR,2024,2,CAR,LAC,7,10
2024_02_LAC_CAR,2024,2,LAC,CAR,3,10
2024_02_LA_ARI,2024,2,ARI,LA,1,5
2024_02_LA_ARI,2024,2,LA,ARI,4,5
2024_02_LV_BAL,2024,2,BAL,LV,4,7
2024_02_LV_BAL,2024,2,LV,BAL,3,7
2024_02_NO_DAL,2024,2,DAL,NO,1,2
2024_02_NO_DAL,2024,2,NO,DAL,1,2
2024_02_NYG_WAS,2024,2,NYG,WAS,2,2
2024_02_NYG_WAS,2024,2,WAS,NYG,0,2
2024_02_NYJ_TEN,2024,2,NYJ,TEN,6,11
2024_02_NYJ_TEN,2024,2,TEN,NYJ,5,11
2024_02_PIT_DEN,2024,2,DEN,PIT,6,14
2024_02_PIT_DEN,2024,2,PIT,DEN,8,14
2024_02_SEA_NE,2024,2,NE,SEA,6,11
2024_02_SEA_NE,2024,2,SEA,NE,5,11
2024_02_SF_MIN,2024,2,MIN,SF,3,6
2024_02_SF_MIN,2024,2,SF,MIN,3,6
2024_02_TB_DET,2024,2,DET,TB,2,7
2024_02_TB_DET,2024,2,TB,DET,5,7
2024_03_BAL_DAL,2024,3,BAL,DAL,4,8
2024_03_BAL_DAL,2024,3,DAL,BAL,4,8
2024_03_CAR_LV,2024,3,CAR,LV,4,9
2024_03_CAR_LV,2024,3,LV,CAR,5,9
2024_03_CHI_IND,2024,3,CHI,IND,3,8
2024_03_CHI_IND,2024,3,IND,CHI,5,8
2024_03_DEN_TB,2024,3,DEN,TB,2,6
2024_03_DEN_TB,2024,3,TB,DEN,4,6
2024_03_DET_ARI,2024,3,ARI,DET,5,10
2024_03_DET_ARI,2024,3,DET,ARI,5,10
2024_03_GB_TEN,2024,3,GB,TEN,5,9
2024_03_GB_TEN,2024,3,TEN,GB,4,9
2024_03_HOU_MIN,2024,3,HOU,MIN,4,8
2024_03_HOU_MIN,2024,3,MIN,HOU,4,8
2024_03_JAX_BUF,2024,3,BUF,JAX,1,3
2024_03_JAX_BUF,2024,3,JAX,BUF,2,3
2024_03_KC_ATL,2024,3,ATL,KC,3,6
2024_03_KC_ATL,2024,3,KC,ATL,3,6
2024_03_LAC_PIT,2024,3,LAC,PIT,7,10
2024_03_LAC_PIT,2024,3,PIT,LAC,3,10
2024_03_MIA_SEA,2024,3,MIA,SEA,6,10
2024_03_MIA_SEA,2024,3,SEA,MIA,4,10
2024_03_NE_NYJ,2024,3,NE,NYJ,5,8
2024_03_NE_NYJ,2024,3,NYJ,NE,3,8
2024_03_NYG_CLE,2024,3,CLE,NYG,6,13
2024_03_NYG_CLE,2024,3,NYG,CLE,7,13
2024_03_PHI_NO,2024,3,NO,PHI,4,6
2024_03_PHI_NO,2024,3,PHI,NO,2,6
2024_03_SF_LA,2024,3,LA,SF,3,5
2024_03_SF_LA,2024,3,SF,LA,2,5
2024_03_WAS_CIN,2024,3,CIN,WAS,0,0
2024_03_WAS_CIN,2024,3,WAS,CIN,0,0
2024_04_BUF_BAL,2024,4,BAL,BUF,4,10
2024_04_BUF_BAL,2024,4,BUF,BAL,6,10
2024_04_CIN_CAR,2024,4,CAR,CIN,2,5
2024_04_CIN_CAR,2024,4,CIN,CAR,3,5
2024_04_CLE_LV,2024,4,CLE,LV,5,9
2024_04_CLE_LV,2024,4,LV,CLE,4,9
2024_04_DAL_NYG,2024,4,DAL,NYG,3,4
2024_04_DAL_NYG,2024,4,NYG,DAL,1,4
2024_04_DEN_NYJ,2024,4,DEN,NYJ,8,15
2024_04_DEN_NYJ,2024,4,NYJ,DEN,7,15
2024_04_JAX_HOU,2024,4,HOU,JAX,6,11
2024_04_JAX_HOU,2024,4,JAX,HOU,5,11
2024_04_KC_LAC,2024,4,KC,LAC,4,10
2024_04_KC_LAC,2024,4,LAC,KC,6,10
2024_04_LA_CHI,2024,4,CHI,LA,5,6
2024_04_LA_CHI,2024,4,LA,CHI,1,6
2024_04_MIN_GB,2024,4,GB,MIN,3,8
2024_04_MIN_GB,2024,4,MIN,GB,5,8
2024_04_NE_SF,2024,4,NE,SF,4,7
2024_04_NE_SF,2024,4,SF,NE,3,7
2024_04_NO_ATL,2024,4,ATL,NO,3,6
2024_04_NO_ATL,2024,4,NO,ATL,3,6
2024_04_PHI_TB,2024,4,PHI,TB,5,9
2024_04_PHI_TB,2024,4,TB,PHI,4,9
2024_04_PIT_IND,2024,4,IND,PIT,4,7
2024_04_PIT_IND,2024,4,PIT,IND,3,7
2024_04_SEA_DET,2024,4,DET,SEA,3,6
2024_04_SEA_DET,2024,4,SEA,DET,3,6
2024_04_TEN_MIA,2024,4,MIA,TEN,5,10
2024_04_TEN_MIA,2024,4,TEN,MIA,5,10
2024_04_WAS_ARI,2024,4,ARI,WAS,4,5
2024_04_WAS_ARI,2024,4,WAS,ARI,1,5
2024_05_ARI_SF,2024,5,ARI,SF,2,3
2024_05_ARI_SF,2024,5,SF,ARI,1,3
2024_05_BAL_CIN,2024,5,BAL,CIN,3,8
2024_05_BAL_CIN,2024,5,CIN,BAL,5,8
2024_05_BUF_HOU,2024,5,BUF,HOU,8,13
2024_05_BUF_HOU,2024,5,HOU,BUF,5,13
2024_05_CAR_CHI,2024,5,CAR,CHI,4,8
2024_05_CAR_CHI,2024,5,CHI,CAR,4,8
2024_05_CLE_WAS,2024,5,CLE,WAS,7,11
2024_05_CLE_WAS,2024,5,WAS,CLE,4,11
2024_05_DAL_PIT,2024,5,DAL,PIT,1,6
2024_05_DAL_PIT,2024,5,PIT,DAL,5,6
2024_05_GB_LA,2024,5,GB,LA,5,8
2024_05_GB_LA,2024,5,LA,GB,3,8
2024_05_IND_JAX,2024,5,IND,JAX,4,6
2024_05_IND_JAX,2024,5,JAX,IND,2,6
2024_05_LV_DEN,2024,5,DEN,LV,6,11
2024_05_LV_DEN,2024,5,LV,DEN,5,11
2024_05_MIA_NE,2024,5,MIA,NE,3,9
2024_05_MIA_NE,2024,5,NE,MIA,6,9
2024_05_NO_KC,2024,5,KC,NO,1,5
2024_05_NO_KC,2024,5,NO,KC,4,5
2024_05_NYG_SEA,2024,5,NYG,SEA,4,8
2024_05_NYG_SEA,2024,5,SEA,NYG,4,8
2024_05_NYJ_MIN,2024,5,MIN,NYJ,4,10
2024_05_NYJ_MIN,2024,5,NYJ,MIN,6,10
2024_05_TB_ATL,2024,5,ATL,TB,1,3
2024_05_TB_ATL,2024,5,TB,ATL,2,3
2024_06_ARI_GB,2024,6,ARI,GB,4,5
2024_06_ARI_GB,2024,6,GB,ARI,1,5
2024_06_ATL_CAR,2024,6,ATL,CAR,1,4
2024_06_ATL_CAR,2024,6,CAR,ATL,3,4
2024_06_BUF_NYJ,2024,6,BUF,NYJ,3,5
2024_06_BUF_NYJ,2024,6,NYJ,BUF,2,5
2024_06_CIN_NYG,2024,6,CIN,NYG,6,10
2024_06_CIN_NYG,2024,6,NYG,CIN,4,10
2024_06_CLE_PHI,2024,6,CLE,PHI,4,7
2024_06_CLE_PHI,2024,6,PHI,CLE,3,7
2024_06_DET_DAL,2024,6,DAL,DET,2,2
2024_06_DET_DAL,2024,6,DET,DAL,0,2
2024_06_HOU_NE,2024,6,HOU,NE,4,10
2024_06_HOU_NE,2024,6,NE,HOU,6,10
2024_06_IND_TEN,2024,6,IND,TEN,5,10
2024_06_IND_TEN,2024,6,TEN,IND,5,10
2024_06_JAX_CHI,2024,6,CHI,JAX,2,6
2024_06_JAX_CHI,2024,6,JAX,CHI,4,6
2024_06_LAC_DEN,2024,6,DEN,LAC,5,9
2024_06_LAC_DEN,2024,6,LAC,DEN,4,9
2024_06_PIT_LV,2024,6,LV,PIT,4,7
2024_06_PIT_LV,2024,6,PIT,LV,3,7
2024_06_SF_SEA,2024,6,SEA,SF,4,8
2024_06_SF_SEA,2024,6,SF,SEA,4,8
2024_06_TB_NO,2024,6,NO,TB,6,9
2024_06_TB_NO,2024,6,TB,NO,3,9
2024_06_WAS_BAL,2024,6,BAL,WAS,1,4
2024_06_WAS_BAL,2024,6,WAS,BAL,3,4
2024_07_BAL_TB,2024,7,BAL,TB,2,4
2024_07_BAL_TB,2024,7,TB,BAL,2,4
2024_07_CAR_WAS,2024,7,CAR,WAS,5,6
2024_07_CAR_WAS,2024,7,WAS,CAR,1,6
2024_07_CIN_CLE,2024,7,CIN,CLE,8,15
2024_07_CIN_CLE,2024,7,CLE,CIN,7,15
2024_07_DEN_NO,2024,7,DEN,NO,3,9
2024_07_DEN_NO,2024,7,NO,DEN,6,9
2024_07_DET_MIN,2024,7,DET,MIN,4,7
2024_07_DET_MIN,2024,7,MIN,DET,3,7
2024_07_HOU_GB,2024,7,GB,HOU,5,11
2024_07_HOU_GB,2024,7,HOU,GB,6,11
2024_07_KC_SF,2024,7,KC,SF,3,7
2024_07_KC_SF,2024,7,SF,KC,4,7
2024_07_LAC_ARI,2024,7,ARI,LAC,4,6
2024_07_LAC_ARI,2024,7,LAC,ARI,2,6
2024_07_LV_LA,2024,7,LA,LV,6,10
2024_07_LV_LA,2024,7,LV,LA,4,10
2024_07_MIA_IND,2024,7,IND,MIA,7,13
2024_07_MIA_IND,2024,7,MIA,IND,6,13
2024_07_NE_JAX,2024,7,JAX,NE,2,6
2024_07_NE_JAX,2024,7,NE,JAX,4,6
2024_07_NYJ_PIT,2024,7,NYJ,PIT,4,8
2024_07_NYJ_PIT,2024,7,PIT,NYJ,4,8
2024_07_PHI_NYG,2024,7,NYG,PHI,11,19
2024_07_PHI_NYG,2024,7,PHI,NYG,8,19
2024_07_SEA_ATL,2024,7,ATL,SEA,3,7
2024_07_SEA_ATL,2024,7,SEA,ATL,4,7
2024_07_TEN_BUF,2024,7,BUF,TEN,5,10
2024_07_TEN_BUF,2024,7,TEN,BUF,5,10
2024_08_ARI_MIA,2024,8,ARI,MIA,3,5
2024_08_ARI_MIA,2024,8,MIA,ARI,2,5
2024_08_ATL_TB,2024,8,ATL,TB,3,4
2024_08_ATL_TB,2024,8,TB,ATL,1,4
2024_08_BAL_CLE,2024,8,BAL,CLE,4,7
2024_08_BAL_CLE,2024,8,CLE,BAL,3,7
2024_08_BUF_SEA,2024,8,BUF,SEA,3,7
2024_08_BUF_SEA,2024,8,SEA,BUF,4,7
2024_08_CAR_DEN,2024,8,CAR,DEN,5,8
2024_08_CAR_DEN,2024,8,DEN,CAR,3,8
2024_08_CHI_WAS,2024,8,CHI,WAS,7,12
2024_08_CHI_WAS,2024,8,WAS,CHI,5,12
2024_08_DAL_SF,2024,8,DAL,SF,4,8
2024_08_DAL_SF,2024,8,SF,DAL,4,8
2024_08_GB_JAX,2024,8,GB,JAX,5,10
2024_08_GB_JAX,2024,8,JAX,GB,5,10
2024_08_IND_HOU,2024,8,HOU,IND,6,12
2024_08_IND_HOU,2024,8,IND,HOU,6,12
2024_08_KC_LV,2024,8,KC,LV,2,4
2024_08_KC_LV,2024,8,LV,KC,2,4
2024_08_MIN_LA,2024,8,LA,MIN,3,6
2024_08_MIN_LA,2024,8,MIN,LA,3,6
2024_08_NO_LAC,2024,8,LAC,NO,6,15
2024_08_NO_LAC,2024,8,NO,LAC,9,15
2024_08_NYG_PIT,2024,8,NYG,PIT,4,7
2024_08_NYG_PIT,2024,8,PIT,NYG,3,7
2024_08_NYJ_NE,2024,8,NE,NYJ,5,9
2024_08_NYJ_NE,2024,8,NYJ,NE,4,9
2024_08_PHI_CIN,2024,8,CIN,PHI,0,1
2024_08_PHI_CIN,2024,8,PHI,CIN,1,1
2024_08_TEN_DET,2024,8,DET,TEN,5,11
2024_08_TEN_DET,2024,8,TEN,DET,6,11
2024_09_CHI_ARI,2024,9,ARI,CHI,4,8
2024_09_CHI_ARI,2024,9,CHI,ARI,4,8
2024_09_DAL_ATL,2024,9,ATL,DAL,5,8
2024_09_DAL_ATL,2024,9,DAL,ATL,3,8
2024_09_DEN_BAL,2024,9,BAL,DEN,2,4
2024_09_DEN_BAL,2024,9,DEN,BAL,2,4
2024_09_DET_GB,2024,9,DET,GB,4,6
2024_09_DET_GB,2024,9,GB,DET,2,6
2024_09_HOU_NYJ,2024,9,HOU,NYJ,3,8
2024_09_HOU_NYJ,2024,9,NYJ,HOU,5,8
2024_09_IND_MIN,2024,9,IND,MIN,3,5
2024_09_IND_MIN,2024,9,MIN,IND,2,5
2024_09_JAX_PHI,2024,9,JAX,PHI,5,8
2024_09_JAX_PHI,2024,9,PHI,JAX,3,8
2024_09_LAC_CLE,2024,9,CLE,LAC,6,13
2024_09_LAC_CLE,2024,9,LAC,CLE,7,13
2024_09_LA_SEA,2024,9,LA,SEA,8,15
2024_09_LA_SEA,2024,9,SEA,LA,7,15
2024_09_LV_CIN,2024,9,CIN,LV,3,8
2024_09_LV_CIN,2024,9,LV,CIN,5,8
2024_09_MIA_BUF,2024,9,BUF,MIA,1,2
2024_09_MIA_BUF,2024,9,MIA,BUF,1,2
2024_09_NE_TEN,2024,9,NE,TEN,4,9
2024_09_NE_TEN,2024,9,TEN,NE,5,9
2024_09_NO_CAR,2024,9,CAR,NO,5,9
2024_09_NO_CAR,2024,9,NO,CAR,4,9
2024_09_TB_KC,2024,9,KC,TB,4,9
2024_09_TB_KC,2024,9,TB,KC,5,9
2024_09_WAS_NYG,2024,9,NYG,WAS,2,4
2024_09_WAS_NYG,2024,9,WAS,NYG,2,4
2024_10_ATL_NO,2024,10,ATL,NO,3,8
2024_10_ATL_NO,2024,10,NO,ATL,5,8
2024_10_BUF_IND,2024,10,BUF,IND,2,4
2024_10_BUF_IND,2024,10,IND,BUF,2,4
2024_10_CIN_BAL,2024,10,BAL,CIN,5,8
2024_10_CIN_BAL,2024,10,CIN,BAL,3,8
2024_10_DEN_KC,2024,10,DEN,KC,5,9
2024_10_DEN_KC,2024,10,KC,DEN,4,9
2024_10_DET_HOU,2024,10,DET,HOU,4,9
2024_10_DET_HOU,2024,10,HOU,DET,5,9
2024_10_MIA_LA,2024,10,LA,MIA,3,6
2024_10_MIA_LA,2024,10,MIA,LA,3,6
2024_10_MIN_JAX,2024,10,JAX,MIN,5,7
2024_10_MIN_JAX,2024,10,MIN,JAX,2,7
2024_10_NE_CHI,2024,10,CHI,NE,8,13
2024_10_NE_CHI,2024,10,NE,CHI,5,13
2024_10_NYG_CAR,2024,10,CAR,NYG,7,12
2024_10_NYG_CAR,2024,10,NYG,CAR,5,12
2024_10_NYJ_ARI,2024,10,ARI,NYJ,1,3
2024_10_NYJ_ARI,2024,10,NYJ,ARI,2,3
2024_10_PHI_DAL,2024,10,DAL,PHI,6,10
2024_10_PHI_DAL,2024,10,PHI,DAL,4,10
2024_10_PIT_WAS,2024,10,PIT,WAS,5,11
2024_10_PIT_WAS,2024,10,WAS,PIT,6,11
2024_10_SF_TB,2024,10,SF,TB,1,7
2024_10_SF_TB,2024,10,TB,SF,6,7
2024_10_TEN_LAC,2024,10,LAC,TEN,3,7
2024_10_TEN_LAC,2024,10,TEN,LAC,4,7
2024_11_ATL_DEN,2024,11,ATL,DEN,5,8
2024_11_ATL_DEN,2024,11,DEN,ATL,3,8
2024_11_BAL_PIT,2024,11,BAL,PIT,4,8
2024_11_BAL_PIT,2024,11,PIT,BAL,4,8
2024_11_CIN_LAC,2024,11,CIN,LAC,5,11
2024_11_CIN_LAC,2024,11,LAC,CIN,6,11
2024_11_CLE_NO,2024,11,CLE,NO,5,8
2024_11_CLE_NO,2024,11,NO,CLE,3,8
2024_11_GB_CHI,2024,11,CHI,GB,2,3
2024_11_GB_CHI,2024,11,GB,CHI,1,3
2024_11_HOU_DAL,2024,11,DAL,HOU,2,6
2024_11_HOU_DAL,2024,11,HOU,DAL,4,6
2024_11_IND_NYJ,2024,11,IND,NYJ,4,9
2024_11_IND_NYJ,2024,11,NYJ,IND,5,9
2024_11_JAX_DET,2024,11,DET,JAX,0,5
2024_11_JAX_DET,2024,11,JAX,DET,5,5
2024_11_KC_BUF,2024,11,BUF,KC,3,7
2024_11_KC_BUF,2024,11,KC,BUF,4,7
2024_11_LA_NE,2024,11,LA,NE,4,6
2024_11_LA_NE,2024,11,NE,LA,2,6
2024_11_LV_MIA,2024,11,LV,MIA,1,1
2024_11_LV_MIA,2024,11,MIA,LV,0,1
2024_11_MIN_TEN,2024,11,MIN,TEN,5,10
2024_11_MIN_TEN,2024,11,TEN,MIN,5,10
2024_11_SEA_SF,2024,11,SEA,SF,2,5
2024_11_SEA_SF,2024,11,SF,SEA,3,5
2024_11_WAS_PHI,2024,11,PHI,WAS,3,8
2024_11_WAS_PHI,2024,11,WAS,PHI,5,8
2024_12_ARI_SEA,2024,12,ARI,SEA,6,11
2024_12_ARI_SEA,2024,12,SEA,ARI,5,11
2024_12_BAL_LAC,2024,12,BAL,LAC,3,7
2024_12_BAL_LAC,2024,12,LAC,BAL,4,7
2024_12_DAL_WAS,2024,12,DAL,WAS,6,12
2024_12_DAL_WAS,2024,12,WAS,DAL,6,12
2024_12_DEN_LV,2024,12,DEN,LV,4,8
2024_12_DEN_LV,2024,12,LV,DEN,4,8
2024_12_DET_IND,2024,12,DET,IND,4,10
2024_12_DET_IND,2024,12,IND,DET,6,10
2024_12_KC_CAR,2024,12,CAR,KC,2,4
2024_12_KC_CAR,2024,12,KC,CAR,2,4
2024_12_MIN_CHI,2024,12,CHI,MIN,6,10
2024_12_MIN_CHI,2024,12,MIN,CHI,4,10
2024_12_NE_MIA,2024,12,MIA,NE,5,10
2024_12_NE_MIA,2024,12,NE,MIA,5,10
2024_12_PHI_LA,2024,12,LA,PHI,4,5
2024_12_PHI_LA,2024,12,PHI,LA,1,5
2024_12_PIT_CLE,2024,12,CLE,PIT,3,4
2024_12_PIT_CLE,2024,12,PIT,CLE,1,4
2024_12_SF_GB,2024,12,GB,SF,4,7
2024_12_SF_GB,2024,12,SF,GB,3,7
2024_12_TB_NYG,2024,12,NYG,TB,4,6
2024_12_TB_NYG,2024,12,TB,NYG,2,6
2024_12_TEN_HOU,2024,12,HOU,TEN,5,10
2024_12_TEN_HOU,2024,12,TEN,HOU,5,10
2024_13_ARI_MIN,2024,13,ARI,MIN,1,3
2024_13_ARI_MIN,2024,13,MIN,ARI,2,3
2024_13_CHI_DET,2024,13,CHI,DET,4,6
2024_13_CHI_DET,2024,13,DET,CHI,2,6
2024_13_CLE_DEN,2024,13,CLE,DEN,6,11
2024_13_CLE_DEN,2024,13,DEN,CLE,5,11
2024_13_HOU_JAX,2024,13,HOU,JAX,4,8
2024_13_HOU_JAX,2024,13,JAX,HOU,4,8
2024_13_IND_NE,2024,13,IND,NE,2,3
2024_13_IND_NE,2024,13,NE,IND,1,3
2024_13_LAC_ATL,2024,13,ATL,LAC,2,5
2024_13_LAC_ATL,2024,13,LAC,ATL,3,5
2024_13_LA_NO,2024,13,LA,NO,3,6
2024_13_LA_NO,2024,13,NO,LA,3,6
2024_13_LV_KC,2024,13,KC,LV,5,8
2024_13_LV_KC,2024,13,LV,KC,3,8
2024_13_MIA_GB,2024,13,GB,MIA,4,7
2024_13_MIA_GB,2024,13,MIA,GB,3,7
2024_13_NYG_DAL,2024,13,DAL,NYG,5,10
2024_13_NYG_DAL,2024,13,NYG,DAL,5,10
2024_13_PHI_BAL,2024,13,BAL,PHI,4,10
2024_13_PHI_BAL,2024,13,PHI,BAL,6,10
2024_13_PIT_CIN,2024,13,CIN,PIT,2,3
2024_13_PIT_CIN,2024,13,PIT,CIN,1,3
2024_13_SEA_NYJ,2024,13,NYJ,SEA,4,7
2024_13_SEA_NYJ,2024,13,SEA,NYJ,3,7
2024_13_SF_BUF,2024,13,BUF,SF,3,6
2024_13_SF_BUF,2024,13,SF,BUF,3,6
2024_13_TB_CAR,2024,13,CAR,TB,5,10
2024_13_TB_CAR,2024,13,TB,CAR,5,10
2024_13_TEN_WAS,2024,13,TEN,WAS,4,5
2024_13_TEN_WAS,2024,13,WAS,TEN,1,5
2024_14_ATL_MIN,2024,14,ATL,MIN,1,3
2024_14_ATL_MIN,2024,14,MIN,ATL,2,3
2024_14_BUF_LA,2024,14,BUF,LA,3,5
2024_14_BUF_LA,2024,14,LA,BUF,2,5
2024_14_CAR_PHI,2024,14,CAR,PHI,2,6
2024_14_CAR_PHI,2024,14,PHI,CAR,4,6
2024_14_CHI_SF,2024,14,CHI,SF,6,8
2024_14_CHI_SF,2024,14,SF,CHI,2,8
2024_14_CIN_DAL,2024,14,CIN,DAL,3,7
2024_14_CIN_DAL,2024,14,DAL,CIN,4,7
2024_14_CLE_PIT,2024,14,CLE,PIT,5,11
2024_14_CLE_PIT,2024,14,PIT,CLE,6,11
2024_14_GB_DET,2024,14,DET,GB,2,5
2024_14_GB_DET,2024,14,GB,DET,3,5
2024_14_JAX_TEN,2024,14,JAX,TEN,4,7
2024_14_JAX_TEN,2024,14,TEN,JAX,3,7
2024_14_LAC_KC,2024,14,KC,LAC,4,9
2024_14_LAC_KC,2024,14,LAC,KC,5,9
2024_14_LV_TB,2024,14,LV,TB,4,7
2024_14_LV_TB,2024,14,TB,LV,3,7
2024_14_NO_NYG,2024,14,NO,NYG,7,15
2024_14_NO_NYG,2024,14,NYG,NO,8,15
2024_14_NYJ_MIA,2024,14,MIA,NYJ,3,5
2024_14_NYJ_MIA,2024,14,NYJ,MIA,2,5
2024_14_SEA_ARI,2024,14,ARI,SEA,4,9
2024_14_SEA_ARI,2024,14,SEA,ARI,5,9
2024_15_ATL_LV,2024,15,ATL,LV,6,11
2024_15_ATL_LV,2024,15,LV,ATL,5,11
2024_15_BAL_NYG,2024,15,BAL,NYG,2,5
2024_15_BAL_NYG,2024,15,NYG,BAL,3,5
2024_15_BUF_DET,2024,15,BUF,DET,1,4
2024_15_BUF_DET,2024,15,DET,BUF,3,4
2024_15_CHI_MIN,2024,15,CHI,MIN,3,6
2024_15_CHI_MIN,2024,15,MIN,CHI,3,6
2024_15_CIN_TEN,2024,15,CIN,TEN,1,2
2024_15_CIN_TEN,2024,15,TEN,CIN,1,2
2024_15_DAL_CAR,2024,15,CAR,DAL,4,6
2024_15_DAL_CAR,2024,15,DAL,CAR,2,6
2024_15_GB_SEA,2024,15,GB,SEA,4,10
2024_15_GB_SEA,2024,15,SEA,GB,6,10
2024_15_IND_DEN,2024,15,DEN,IND,6,11
2024_15_IND_DEN,2024,15,IND,DEN,5,11
2024_15_KC_CLE,2024,15,CLE,KC,6,15
2024_15_KC_CLE,2024,15,KC,CLE,9,15
2024_15_LA_SF,2024,15,LA,SF,6,13
2024_15_LA_SF,2024,15,SF,LA,7,13
2024_15_MIA_HOU,2024,15,HOU,MIA,5,8
2024_15_MIA_HOU,2024,15,MIA,HOU,3,8
2024_15_NE_ARI,2024,15,ARI,NE,2,4
2024_15_NE_ARI,2024,15,NE,ARI,2,4
2024_15_NYJ_JAX,2024,15,JAX,NYJ,2,5
2024_15_NYJ_JAX,2024,15,NYJ,JAX,3,5
2024_15_PIT_PHI,2024,15,PHI,PIT,1,6
2024_15_PIT_PHI,2024,15,PIT,PHI,5,6
2024_15_TB_LAC,2024,15,LAC,TB,3,3
2024_15_TB_LAC,2024,15,TB,LAC,0,3
2024_15_WAS_NO,2024,15,NO,WAS,4,7
2024_15_WAS_NO,2024,15,WAS,NO,3,7
2024_16_ARI_CAR,2024,16,ARI,CAR,3,8
2024_16_ARI_CAR,2024,16,CAR,ARI,5,8
2024_16_CLE_CIN,2024,16,CIN,CLE,4,8
2024_16_CLE_CIN,2024,16,CLE,CIN,4,8
2024_16_DEN_LAC,2024,16,DEN,LAC,5,8
2024_16_DEN_LAC,2024,16,LAC,DEN,3,8
2024_16_DET_CHI,2024,16,CHI,DET,3,4
2024_16_DET_CHI,2024,16,DET,CHI,1,4
2024_16_HOU_KC,2024,16,HOU,KC,2,4
2024_16_HOU_KC,2024,16,KC,HOU,2,4
2024_16_JAX_LV,2024,16,JAX,LV,7,13
2024_16_JAX_LV,2024,16,LV,JAX,6,13
2024_16_LA_NYJ,2024,16,LA,NYJ,2,2
2024_16_LA_NYJ,2024,16,NYJ,LA,0,2
2024_16_MIN_SEA,2024,16,MIN,SEA,6,11
2024_16_MIN_SEA,2024,16,SEA,MIN,5,11
2024_16_NE_BUF,2024,16,BUF,NE,4,7
2024_16_NE_BUF,2024,16,NE,BUF,3,7
2024_16_NO_GB,2024,16,GB,NO,2,6
2024_16_NO_GB,2024,16,NO,GB,4,6
2024_16_NYG_ATL,2024,16,ATL,NYG,2,7
2024_16_NYG_ATL,2024,16,NYG,ATL,5,7
2024_16_PHI_WAS,2024,16,PHI,WAS,4,6
2024_16_PHI_WAS,2024,16,WAS,PHI,2,6
2024_16_PIT_BAL,2024,16,BAL,PIT,3,8
2024_16_PIT_BAL,2024,16,PIT,BAL,5,8
2024_16_SF_MIA,2024,16,MIA,SF,2,6
2024_16_SF_MIA,2024,16,SF,MIA,4,6
2024_16_TB_DAL,2024,16,DAL,TB,5,9
2024_16_TB_DAL,2024,16,TB,DAL,4,9
2024_16_TEN_IND,2024,16,IND,TEN,4,8
2024_16_TEN_IND,2024,16,TEN,IND,4,8
2024_17_ARI_LA,2024,17,ARI,LA,4,10
2024_17_ARI_LA,2024,17,LA,ARI,6,10
2024_17_ATL_WAS,2024,17,ATL,WAS,3,6
2024_17_ATL_WAS,2024,17,WAS,ATL,3,6
2024_17_BAL_HOU,2024,17,BAL,HOU,4,10
2024_17_BAL_HOU,2024,17,HOU,BAL,6,10
2024_17_CAR_TB,2024,17,CAR,TB,6,7
2024_17_CAR_TB,2024,17,TB,CAR,1,7
2024_17_DAL_PHI,2024,17,DAL,PHI,4,7
2024_17_DAL_PHI,2024,17,PHI,DAL,3,7
2024_17_DEN_CIN,2024,17,CIN,DEN,1,5
2024_17_DEN_CIN,2024,17,DEN,CIN,4,5
2024_17_DET_SF,2024,17,DET,SF,0,0
2024_17_DET_SF,2024,17,SF,DET,0,0
2024_17_GB_MIN,2024,17,GB,MIN,4,6
2024_17_GB_MIN,2024,17,MIN,GB,2,6
2024_17_IND_NYG,2024,17,IND,NYG,1,4
2024_17_IND_NYG,2024,17,NYG,IND,3,4
2024_17_KC_PIT,2024,17,KC,PIT,5,9
2024_17_KC_PIT,2024,17,PIT,KC,4,9
2024_17_LAC_NE,2024,17,LAC,NE,2,6
2024_17_LAC_NE,2024,17,NE,LAC,4,6
2024_17_LV_NO,2024,17,LV,NO,4,11
2024_17_LV_NO,2024,17,NO,LV,7,11
2024_17_MIA_CLE,2024,17,CLE,MIA,5,12
2024_17_MIA_CLE,2024,17,MIA,CLE,7,12
2024_17_NYJ_BUF,2024,17,BUF,NYJ,3,6
2024_17_NYJ_BUF,2024,17,NYJ,BUF,3,6
2024_17_SEA_CHI,2024,17,CHI,SEA,7,13
2024_17_SEA_CHI,2024,17,SEA,CHI,6,13
2024_17_TEN_JAX,2024,17,JAX,TEN,3,6
2024_17_TEN_JAX,2024,17,TEN,JAX,3,6
2024_18_BUF_NE,2024,18,BUF,NE,4,7
2024_18_BUF_NE,2024,18,NE,BUF,3,7
2024_18_CAR_ATL,2024,18,ATL,CAR,0,3
2024_18_CAR_ATL,2024,18,CAR,ATL,3,3
2024_18_CHI_GB,2024,18,CHI,GB,6,9
2024_18_CHI_GB,2024,18,GB,CHI,3,9
2024_18_CIN_PIT,2024,18,CIN,PIT,3,8
2024_18_CIN_PIT,2024,18,PIT,CIN,5,8
2024_18_CLE_BAL,2024,18,BAL,CLE,4,9
2024_18_CLE_BAL,2024,18,CLE,BAL,5,9
2024_18_HOU_TEN,2024,18,HOU,TEN,4,9
2024_18_HOU_TEN,2024,18,TEN,HOU,5,9
2024_18_JAX_IND,2024,18,IND,JAX,4,8
2024_18_JAX_IND,2024,18,JAX,IND,4,8
2024_18_KC_DEN,2024,18,DEN,KC,2,7
2024_18_KC_DEN,2024,18,KC,DEN,5,7
2024_18_LAC_LV,2024,18,LAC,LV,1,4
2024_18_LAC_LV,2024,18,LV,LAC,3,4
2024_18_MIA_NYJ,2024,18,MIA,NYJ,3,7
2024_18_MIA_NYJ,2024,18,NYJ,MIA,4,7
2024_18_MIN_DET,2024,18,DET,MIN,2,5
2024_18_MIN_DET,2024,18,MIN,DET,3,5
2024_18_NO_TB,2024,18,NO,TB,3,5
2024_18_NO_TB,2024,18,TB,NO,2,5
2024_18_NYG_PHI,2024,18,NYG,PHI,3,6
2024_18_NYG_PHI,2024,18,PHI,NYG,3,6
2024_18_SEA_LA,2024,18,LA,SEA,2,6
2024_18_SEA_LA,2024,18,SEA,LA,4,6
2024_18_SF_ARI,2024,18,ARI,SF,4,6
2024_18_SF_ARI,2024,18,SF,ARI,2,6
2024_18_WAS_DAL,2024,18,DAL,WAS,4,9
2024_18_WAS_DAL,2024,18,WAS,DAL,5,9
2025_01_ARI_NO,2025,1,ARI,NO,4,8
2025_01_ARI_NO,2025,1,NO,ARI,4,8
2025_01_BAL_BUF,2025,1,BAL,BUF,3,7
2025_01_BAL_BUF,2025,1,BUF,BAL,4,7
2025_01_CAR_JAX,2025,1,CAR,JAX,2,4
2025_01_CAR_JAX,2025,1,JAX,CAR,2,4
2025_01_CIN_CLE,2025,1,CIN,CLE,6,8
2025_01_CIN_CLE,2025,1,CLE,CIN,2,8
2025_01_DAL_PHI,2025,1,DAL,PHI,2,5
2025_01_DAL_PHI,2025,1,PHI,DAL,3,5
2025_01_DET_GB,2025,1,DET,GB,3,6
2025_01_DET_GB,2025,1,GB,DET,3,6
2025_01_HOU_LA,2025,1,HOU,LA,4,9
2025_01_HOU_LA,2025,1,LA,HOU,5,9
2025_01_KC_LAC,2025,1,KC,LAC,3,5
2025_01_KC_LAC,2025,1,LAC,KC,2,5
2025_01_LV_NE,2025,1,LV,NE,5,11
2025_01_LV_NE,2025,1,NE,LV,6,11
2025_01_MIA_IND,2025,1,IND,MIA,0,1
2025_01_MIA_IND,2025,1,MIA,IND,1,1
2025_01_MIN_CHI,2025,1,CHI,MIN,6,13
2025_01_MIN_CHI,2025,1,MIN,CHI,7,13
2025_01_NYG_WAS,2025,1,NYG,WAS,6,11
2025_01_NYG_WAS,2025,1,WAS,NYG,5,11
2025_01_PIT_NYJ,2025,1,NYJ,PIT,2,6
2025_01_PIT_NYJ,2025,1,PIT,NYJ,4,6
2025_01_SF_SEA,2025,1,SEA,SF,5,7
2025_01_SF_SEA,2025,1,SF,SEA,2,7
2025_01_TB_ATL,2025,1,ATL,TB,3,7
2025_01_TB_ATL,2025,1,TB,ATL,4,7
2025_01_TEN_DEN,2025,1,DEN,TEN,3,11
2025_01_TEN_DEN,2025,1,TEN,DEN,8,11
2025_02_ATL_MIN,2025,2,ATL,MIN,3,7
2025_02_ATL_MIN,2025,2,MIN,ATL,4,7
2025_02_BUF_NYJ,2025,2,BUF,NYJ,3,10
2025_02_BUF_NYJ,2025,2,NYJ,BUF,7,10
2025_02_CAR_ARI,2025,2,ARI,CAR,2,4
2025_02_CAR_ARI,2025,2,CAR,ARI,2,4
2025_02_CHI_DET,2025,2,CHI,DET,4,7
2025_02_CHI_DET,2025,2,DET,CHI,3,7
2025_02_CLE_BAL,2025,2,BAL,CLE,5,11
2025_02_CLE_BAL,2025,2,CLE,BAL,6,11
2025_02_DEN_IND,2025,2,DEN,IND,3,3
2025_02_DEN_IND,2025,2,IND,DEN,0,3
2025_02_JAX_CIN,2025,2,CIN,JAX,3,5
2025_02_JAX_CIN,2025,2,JAX,CIN,2,5
2025_02_LAC_LV,2025,2,LAC,LV,3,5
2025_02_LAC_LV,2025,2,LV,LAC,2,5
2025_02_LA_TEN,2025,2,LA,TEN,3,8
2025_02_LA_TEN,2025,2,TEN,LA,5,8
2025_02_NE_MIA,2025,2,MIA,NE,2,4
2025_02_NE_MIA,2025,2,NE,MIA,2,4
2025_02_NYG_DAL,2025,2,DAL,NYG,4,7
2025_02_NYG_DAL,2025,2,NYG,DAL,3,7
2025_02_PHI_KC,2025,2,KC,PHI,3,8
2025_02_PHI_KC,2025,2,PHI,KC,5,8
2025_02_SEA_PIT,2025,2,PIT,SEA,4,8
2025_02_SEA_PIT,2025,2,SEA,PIT,4,8
2025_02_SF_NO,2025,2,NO,SF,4,8
2025_02_SF_NO,2025,2,SF,NO,4,8
2025_02_TB_HOU,2025,2,HOU,TB,4,10
2025_02_TB_HOU,2025,2,TB,HOU,6,10
2025_02_WAS_GB,2025,2,GB,WAS,4,8
2025_02_WAS_GB,2025,2,WAS,GB,4,8
2025_03_ARI_SF,2025,3,ARI,SF,5,8
2025_03_ARI_SF,2025,3,SF,ARI,3,8
2025_03_ATL_CAR,2025,3,ATL,CAR,3,6
2025_03_ATL_CAR,2025,3,CAR,ATL,3,6
2025_03_CIN_MIN,2025,3,CIN,MIN,6,11
2025_03_CIN_MIN,2025,3,MIN,CIN,5,11
2025_03_DAL_CHI,2025,3,CHI,DAL,4,6
2025_03_DAL_CHI,2025,3,DAL,CHI,2,6
2025_03_DEN_LAC,2025,3,DEN,LAC,7,12
2025_03_DEN_LAC,2025,3,LAC,DEN,5,12
2025_03_DET_BAL,2025,3,BAL,DET,3,6
2025_03_DET_BAL,2025,3,DET,BAL,3,6
2025_03_GB_CLE,2025,3,CLE,GB,6,11
2025_03_GB_CLE,2025,3,GB,CLE,5,11
2025_03_HOU_JAX,2025,3,HOU,JAX,6,12
2025_03_HOU_JAX,2025,3,JAX,HOU,6,12
2025_03_IND_TEN,2025,3,IND,TEN,1,2
2025_03_IND_TEN,2025,3,TEN,IND,1,2
2025_03_KC_NYG,2025,3,KC,NYG,3,5
2025_03_KC_NYG,2025,3,NYG,KC,2,5
2025_03_LA_PHI,2025,3,LA,PHI,1,5
2025_03_LA_PHI,2025,3,PHI,LA,4,5
2025_03_LV_WAS,2025,3,LV,WAS,6,9
2025_03_LV_WAS,2025,3,WAS,LV,3,9
2025_03_MIA_BUF,2025,3,BUF,MIA,2,6
2025_03_MIA_BUF,2025,3,MIA,BUF,4,6
2025_03_NO_SEA,2025,3,NO,SEA,6,8
2025_03_NO_SEA,2025,3,SEA,NO,2,8
2025_03_NYJ_TB,2025,3,NYJ,TB,2,6
2025_03_NYJ_TB,2025,3,TB,NYJ,4,6
2025_03_PIT_NE,2025,3,NE,PIT,1,5
2025_03_PIT_NE,2025,3,PIT,NE,4,5
2025_04_BAL_KC,2025,4,BAL,KC,1,2
2025_04_BAL_KC,2025,4,KC,BAL,1,2
2025_04_CAR_NE,2025,4,CAR,NE,5,9
2025_04_CAR_NE,2025,4,NE,CAR,4,9
2025_04_CHI_LV,2025,4,CHI,LV,3,4
2025_04_CHI_LV,2025,4,LV,CHI,1,4
2025_04_CIN_DEN,2025,4,CIN,DEN,8,12
2025_04_CIN_DEN,2025,4,DEN,CIN,4,12
2025_04_CLE_DET,2025,4,CLE,DET,7,12
2025_04_CLE_DET,2025,4,DET,CLE,5,12
2025_04_GB_DAL,2025,4,DAL,GB,4,6
2025_04_GB_DAL,2025,4,GB,DAL,2,6
2025_04_IND_LA,2025,4,IND,LA,4,8
2025_04_IND_LA,2025,4,LA,IND,4,8
2025_04_JAX_SF,2025,4,JAX,SF,5,7
2025_04_JAX_SF,2025,4,SF,JAX,2,7
2025_04_LAC_NYG,2025,4,LAC,NYG,5,10
2025_04_LAC_NYG,2025,4,NYG,LAC,5,10
2025_04_MIN_PIT,2025,4,MIN,PIT,3,6
2025_04_MIN_PIT,2025,4,PIT,MIN,3,6
2025_04_NO_BUF,2025,4,BUF,NO,2,5
2025_04_NO_BUF,2025,4,NO,BUF,3,5
2025_04_NYJ_MIA,2025,4,MIA,NYJ,4,6
2025_04_NYJ_MIA,2025,4,NYJ,MIA,2,6
2025_04_PHI_TB,2025,4,PHI,TB,7,11
2025_04_PHI_TB,2025,4,TB,PHI,4,11
2025_04_SEA_ARI,2025,4,ARI,SEA,4,7
2025_04_SEA_ARI,2025,4,SEA,ARI,3,7
2025_04_TEN_HOU,2025,4,HOU,TEN,3,8
2025_04_TEN_HOU,2025,4,TEN,HOU,5,8
2025_04_WAS_ATL,2025,4,ATL,WAS,2,4
2025_04_WAS_ATL,2025,4,WAS,ATL,2,4
2025_05_DAL_NYJ,2025,5,DAL,NYJ,5,9
2025_05_DAL_NYJ,2025,5,NYJ,DAL,4,9
2025_05_DEN_PHI,2025,5,DEN,PHI,7,14
2025_05_DEN_PHI,2025,5,PHI,DEN,7,14
2025_05_DET_CIN,2025,5,CIN,DET,4,9
2025_05_DET_CIN,2025,5,DET,CIN,5,9
2025_05_HOU_BAL,2025,5,BAL,HOU,4,5
2025_05_HOU_BAL,2025,5,HOU,BAL,1,5
2025_05_KC_JAX,2025,5,JAX,KC,2,6
2025_05_KC_JAX,2025,5,KC,JAX,4,6
2025_05_LV_IND,2025,5,IND,LV,2,4
2025_05_LV_IND,2025,5,LV,IND,2,4
2025_05_MIA_CAR,2025,5,CAR,MIA,3,9
2025_05_MIA_CAR,2025,5,MIA,CAR,6,9
2025_05_MIN_CLE,2025,5,CLE,MIN,8,13
2025_05_MIN_CLE,2025,5,MIN,CLE,5,13
2025_05_NE_BUF,2025,5,BUF,NE,2,6
2025_05_NE_BUF,2025,5,NE,BUF,4,6
2025_05_NYG_NO,2025,5,NO,NYG,2,4
2025_05_NYG_NO,2025,5,NYG,NO,2,4
2025_05_SF_LA,2025,5,LA,SF,2,6
2025_05_SF_LA,2025,5,SF,LA,4,6
2025_05_TB_SEA,2025,5,SEA,TB,1,3
2025_05_TB_SEA,2025,5,TB,SEA,2,3
2025_05_TEN_ARI,2025,5,ARI,TEN,7,12
2025_05_TEN_ARI,2025,5,TEN,ARI,5,12
2025_05_WAS_LAC,2025,5,LAC,WAS,2,4
2025_05_WAS_LAC,2025,5,WAS,LAC,2,4
2025_06_ARI_IND,2025,6,ARI,IND,2,5
2025_06_ARI_IND,2025,6,IND,ARI,3,5
2025_06_BUF_ATL,2025,6,ATL,BUF,4,10
2025_06_BUF_ATL,2025,6,BUF,ATL,6,10
2025_06_CHI_WAS,2025,6,CHI,WAS,2,3
2025_06_CHI_WAS,2025,6,WAS,CHI,1,3
2025_06_CIN_GB,2025,6,CIN,GB,4,6
2025_06_CIN_GB,2025,6,GB,CIN,2,6
2025_06_CLE_PIT,2025,6,CLE,PIT,4,6
2025_06_CLE_PIT,2025,6,PIT,CLE,2,6
2025_06_DAL_CAR,2025,6,CAR,DAL,2,5
2025_06_DAL_CAR,2025,6,DAL,CAR,3,5
2025_06_DEN_NYJ,2025,6,DEN,NYJ,6,13
2025_06_DEN_NYJ,2025,6,NYJ,DEN,7,13
2025_06_DET_KC,2025,6,DET,KC,3,4
2025_06_DET_KC,2025,6,KC,DET,1,4
2025_06_LAC_MIA,2025,6,LAC,MIA,2,4
2025_06_LAC_MIA,2025,6,MIA,LAC,2,4
2025_06_LA_BAL,2025,6,BAL,LA,1,3
2025_06_LA_BAL,2025,6,LA,BAL,2,3
2025_06_NE_NO,2025,6,NE,NO,3,5
2025_06_NE_NO,2025,6,NO,NE,2,5
2025_06_PHI_NYG,2025,6,NYG,PHI,4,8
2025_06_PHI_NYG,2025,6,PHI,NYG,4,8
2025_06_SEA_JAX,2025,6,JAX,SEA,8,15
2025_06_SEA_JAX,2025,6,SEA,JAX,7,15
2025_06_SF_TB,2025,6,SF,TB,2,5
2025_06_SF_TB,2025,6,TB,SF,3,5
2025_06_TEN_LV,2025,6,LV,TEN,4,9
2025_06_TEN_LV,2025,6,TEN,LV,5,9
2025_07_ATL_SF,2025,7,ATL,SF,3,6
2025_07_ATL_SF,2025,7,SF,ATL,3,6
2025_07_CAR_NYJ,2025,7,CAR,NYJ,6,11
2025_07_CAR_NYJ,2025,7,NYJ,CAR,5,11
2025_07_GB_ARI,2025,7,ARI,GB,1,4
2025_07_GB_ARI,2025,7,GB,ARI,3,4
2025_07_HOU_SEA,2025,7,HOU,SEA,7,11
2025_07_HOU_SEA,2025,7,SEA,HOU,4,11
2025_07_IND_LAC,2025,7,IND,LAC,2,3
2025_07_IND_LAC,2025,7,LAC,IND,1,3
2025_07_LA_JAX,2025,7,JAX,LA,5,10
2025_07_LA_JAX,2025,7,LA,JAX,5,10
2025_07_LV_KC,2025,7,KC,LV,3,9
2025_07_LV_KC,2025,7,LV,KC,6,9
2025_07_MIA_CLE,2025,7,CLE,MIA,6,10
2025_07_MIA_CLE,2025,7,MIA,CLE,4,10
2025_07_NE_TEN,2025,7,NE,TEN,4,7
2025_07_NE_TEN,2025,7,TEN,NE,3,7
2025_07_NO_CHI,2025,7,CHI,NO,3,6
2025_07_NO_CHI,2025,7,NO,CHI,3,6
2025_07_NYG_DEN,2025,7,DEN,NYG,6,12
2025_07_NYG_DEN,2025,7,NYG,DEN,6,12
2025_07_PHI_MIN,2025,7,MIN,PHI,1,4
2025_07_PHI_MIN,2025,7,PHI,MIN,3,4
2025_07_PIT_CIN,2025,7,CIN,PIT,3,5
2025_07_PIT_CIN,2025,7,PIT,CIN,2,5
2025_07_TB_DET,2025,7,DET,TB,5,11
2025_07_TB_DET,2025,7,TB,DET,6,11
2025_07_WAS_DAL,2025,7,DAL,WAS,3,8
2025_07_WAS_DAL,2025,7,WAS,DAL,5,8
2025_08_BUF_CAR,2025,8,BUF,CAR,3,7
2025_08_BUF_CAR,2025,8,CAR,BUF,4,7
2025_08_CHI_BAL,2025,8,BAL,CHI,2,4
2025_08_CHI_BAL,2025,8,CHI,BAL,2,4
2025_08_CLE_NE,2025,8,CLE,NE,4,7
2025_08_CLE_NE,2025,8,NE,CLE,3,7
2025_08_DAL_DEN,2025,8,DAL,DEN,5,7
2025_08_DAL_DEN,2025,8,DEN,DAL,2,7
2025_08_GB_PIT,2025,8,GB,PIT,3,7
2025_08_GB_PIT,2025,8,PIT,GB,4,7
2025_08_MIA_ATL,2025,8,ATL,MIA,4,7
2025_08_MIA_ATL,2025,8,MIA,ATL,3,7
2025_08_MIN_LAC,2025,8,LAC,MIN,0,4
2025_08_MIN_LAC,2025,8,MIN,LAC,4,4
2025_08_NYG_PHI,2025,8,NYG,PHI,4,5
2025_08_NYG_PHI,2025,8,PHI,NYG,1,5
2025_08_NYJ_CIN,2025,8,CIN,NYJ,3,5
2025_08_NYJ_CIN,2025,8,NYJ,CIN,2,5
2025_08_SF_HOU,2025,8,HOU,SF,2,7
2025_08_SF_HOU,2025,8,SF,HOU,5,7
2025_08_TB_NO,2025,8,NO,TB,3,6
2025_08_TB_NO,2025,8,TB,NO,3,6
2025_08_TEN_IND,2025,8,IND,TEN,4,9
2025_08_TEN_IND,2025,8,TEN,IND,5,9
2025_08_WAS_KC,2025,8,KC,WAS,1,4
2025_08_WAS_KC,2025,8,WAS,KC,3,4
2025_09_ARI_DAL,2025,9,ARI,DAL,3,4
2025_09_ARI_DAL,2025,9,DAL,ARI,1,4
2025_09_ATL_NE,2025,9,ATL,NE,5,8
2025_09_ATL_NE,2025,9,NE,ATL,3,8
2025_09_BAL_MIA,2025,9,BAL,MIA,6,9
2025_09_BAL_MIA,2025,9,MIA,BAL,3,9
2025_09_CAR_GB,2025,9,CAR,GB,3,3
2025_09_CAR_GB,2025,9,GB,CAR,0,3
2025_09_CHI_CIN,2025,9,CHI,CIN,2,3
2025_09_CHI_CIN,2025,9,CIN,CHI,1,3
2025_09_DEN_HOU,2025,9,DEN,HOU,8,16
2025_09_DEN_HOU,2025,9,HOU,DEN,8,16
2025_09_IND_PIT,2025,9,IND,PIT,2,7
2025_09_IND_PIT,2025,9,PIT,IND,5,7
2025_09_JAX_LV,2025,9,JAX,LV,2,3
2025_09_JAX_LV,2025,9,LV,JAX,1,3
2025_09_KC_BUF,2025,9,BUF,KC,3,6
2025_09_KC_BUF,2025,9,KC,BUF,3,6
2025_09_LAC_TEN,2025,9,LAC,TEN,4,9
2025_09_LAC_TEN,2025,9,TEN,LAC,5,9
2025_09_MIN_DET,2025,9,DET,MIN,5,9
2025_09_MIN_DET,2025,9,MIN,DET,4,9
2025_09_NO_LA,2025,9,LA,NO,2,6
2025_09_NO_LA,2025,9,NO,LA,4,6
2025_09_SEA_WAS,2025,9,SEA,WAS,3,7
2025_09_SEA_WAS,2025,9,WAS,SEA,4,7
2025_09_SF_NYG,2025,9,NYG,SF,5,7
2025_09_SF_NYG,2025,9,SF,NYG,2,7
2025_10_ARI_SEA,2025,10,ARI,SEA,4,4
2025_10_ARI_SEA,2025,10,SEA,ARI,0,4
2025_10_ATL_IND,2025,10,ATL,IND,6,7
2025_10_ATL_IND,2025,10,IND,ATL,1,7
2025_10_BAL_MIN,2025,10,BAL,MIN,5,7
2025_10_BAL_MIN,2025,10,MIN,BAL,2,7
2025_10_BUF_MIA,2025,10,BUF,MIA,4,7
2025_10_BUF_MIA,2025,10,MIA,BUF,3,7
2025_10_CLE_NYJ,2025,10,CLE,NYJ,7,12
2025_10_CLE_NYJ,2025,10,NYJ,CLE,5,12
2025_10_DET_WAS,2025,10,DET,WAS,0,4
2025_10_DET_WAS,2025,10,WAS,DET,4,4
2025_10_JAX_HOU,2025,10,HOU,JAX,2,5
2025_10_JAX_HOU,2025,10,JAX,HOU,3,5
2025_10_LA_SF,2025,10,LA,SF,2,4
2025_10_LA_SF,2025,10,SF,LA,2,4
2025_10_LV_DEN,2025,10,DEN,LV,7,15
2025_10_LV_DEN,2025,10,LV,DEN,8,15
2025_10_NE_TB,2025,10,NE,TB,5,11
2025_10_NE_TB,2025,10,TB,NE,6,11
2025_10_NO_CAR,2025,10,CAR,NO,4,8
2025_10_NO_CAR,2025,10,NO,CAR,4,8
2025_10_NYG_CHI,2025,10,CHI,NYG,3,6
2025_10_NYG_CHI,2025,10,NYG,CHI,3,6
2025_10_PHI_GB,2025,10,GB,PHI,5,10
2025_10_PHI_GB,2025,10,PHI,GB,5,10
2025_10_PIT_LAC,2025,10,LAC,PIT,6,10
2025_10_PIT_LAC,2025,10,PIT,LAC,4,10
2025_11_BAL_CLE,2025,11,BAL,CLE,4,10
2025_11_BAL_CLE,2025,11,CLE,BAL,6,10
2025_11_CAR_ATL,2025,11,ATL,CAR,5,8
2025_11_CAR_ATL,2025,11,CAR,ATL,3,8
2025_11_CHI_MIN,2025,11,CHI,MIN,6,12
2025_11_CHI_MIN,2025,11,MIN,CHI,6,12
2025_11_CIN_PIT,2025,11,CIN,PIT,3,6
2025_11_CIN_PIT,2025,11,PIT,CIN,3,6
2025_11_DAL_LV,2025,11,DAL,LV,2,5
2025_11_DAL_LV,2025,11,LV,DAL,3,5
2025_11_DET_PHI,2025,11,DET,PHI,4,11
2025_11_DET_PHI,2025,11,PHI,DET,7,11
2025_11_GB_NYG,2025,11,GB,NYG,4,6
2025_11_GB_NYG,2025,11,NYG,GB,2,6
2025_11_HOU_TEN,2025,11,HOU,TEN,5,11
2025_11_HOU_TEN,2025,11,TEN,HOU,6,11
2025_11_KC_DEN,2025,11,DEN,KC,4,8
2025_11_KC_DEN,2025,11,KC,DEN,4,8
2025_11_LAC_JAX,2025,11,JAX,LAC,0,4
2025_11_LAC_JAX,2025,11,LAC,JAX,4,4
2025_11_NYJ_NE,2025,11,NE,NYJ,3,8
2025_11_NYJ_NE,2025,11,NYJ,NE,5,8
2025_11_SEA_LA,2025,11,LA,SEA,6,8
2025_11_SEA_LA,2025,11,SEA,LA,2,8
2025_11_SF_ARI,2025,11,ARI,SF,3,6
2025_11_SF_ARI,2025,11,SF,ARI,3,6
2025_11_TB_BUF,2025,11,BUF,TB,2,6
2025_11_TB_BUF,2025,11,TB,BUF,4,6
2025_11_WAS_MIA,2025,11,MIA,WAS,2,3
2025_11_WAS_MIA,2025,11,WAS,MIA,1,3
2025_12_ATL_NO,2025,12,ATL,NO,5,8
2025_12_ATL_NO,2025,12,NO,ATL,3,8
2025_12_BUF_HOU,2025,12,BUF,HOU,3,9
2025_12_BUF_HOU,2025,12,HOU,BUF,6,9
2025_12_CAR_SF,2025,12,CAR,SF,4,5
2025_12_CAR_SF,2025,12,SF,CAR,1,5
2025_12_CLE_LV,2025,12,CLE,LV,8,16
2025_12_CLE_LV,2025,12,LV,CLE,8,16
2025_12_IND_KC,2025,12,IND,KC,6,9
2025_12_IND_KC,2025,12,KC,IND,3,9
2025_12_JAX_ARI,2025,12,ARI,JAX,6,8
2025_12_JAX_ARI,2025,12,JAX,ARI,2,8
2025_12_MIN_GB,2025,12,GB,MIN,4,8
2025_12_MIN_GB,2025,12,MIN,GB,4,8
2025_12_NE_CIN,2025,12,CIN,NE,5,7
2025_12_NE_CIN,2025,12,NE,CIN,2,7
2025_12_NYG_DET,2025,12,DET,NYG,5,8
2025_12_NYG_DET,2025,12,NYG,DET,3,8
2025_12_NYJ_BAL,2025,12,BAL,NYJ,4,8
2025_12_NYJ_BAL,2025,12,NYJ,BAL,4,8
2025_12_PHI_DAL,2025,12,DAL,PHI,3,8
2025_12_PHI_DAL,2025,12,PHI,DAL,5,8
2025_12_PIT_CHI,2025,12,CHI,PIT,4,7
2025_12_PIT_CHI,2025,12,PIT,CHI,3,7
2025_12_SEA_TEN,2025,12,SEA,TEN,2,5
2025_12_SEA_TEN,2025,12,TEN,SEA,3,5
2025_12_TB_LA,2025,12,LA,TB,3,7
2025_12_TB_LA,2025,12,TB,LA,4,7
2025_13_ARI_TB,2025,13,ARI,TB,2,7
2025_13_ARI_TB,2025,13,TB,ARI,5,7
2025_13_ATL_NYJ,2025,13,ATL,NYJ,6,12
2025_13_ATL_NYJ,2025,13,NYJ,ATL,6,12
2025_13_BUF_PIT,2025,13,BUF,PIT,2,6
2025_13_BUF_PIT,2025,13,PIT,BUF,4,6
2025_13_CHI_PHI,2025,13,CHI,PHI,3,8
2025_13_CHI_PHI,2025,13,PHI,CHI,5,8
2025_13_CIN_BAL,2025,13,BAL,CIN,3,5
2025_13_CIN_BAL,2025,13,CIN,BAL,2,5
2025_13_DEN_WAS,2025,13,DEN,WAS,4,8
2025_13_DEN_WAS,2025,13,WAS,DEN,4,8
2025_13_GB_DET,2025,13,DET,GB,2,4
2025_13_GB_DET,2025,13,GB,DET,2,4
2025_13_HOU_IND,2025,13,HOU,IND,2,6
2025_13_HOU_IND,2025,13,IND,HOU,4,6
2025_13_JAX_TEN,2025,13,JAX,TEN,7,12
2025_13_JAX_TEN,2025,13,TEN,JAX,5,12
2025_13_KC_DAL,2025,13,DAL,KC,1,6
2025_13_KC_DAL,2025,13,KC,DAL,5,6
2025_13_LA_CAR,2025,13,CAR,LA,3,4
2025_13_LA_CAR,2025,13,LA,CAR,1,4
2025_13_LV_LAC,2025,13,LAC,LV,2,6
2025_13_LV_LAC,2025,13,LV,LAC,4,6
2025_13_MIN_SEA,2025,13,MIN,SEA,5,9
2025_13_MIN_SEA,2025,13,SEA,MIN,4,9
2025_13_NO_MIA,2025,13,MIA,NO,4,10
2025_13_NO_MIA,2025,13,NO,MIA,6,10
2025_13_NYG_NE,2025,13,NE,NYG,2,6
2025_13_NYG_NE,2025,13,NYG,NE,4,6
2025_13_SF_CLE,2025,13,CLE,SF,4,9
2025_13_SF_CLE,2025,13,SF,CLE,5,9
2025_14_CHI_GB,2025,14,CHI,GB,4,7
2025_14_CHI_GB,2025,14,GB,CHI,3,7
2025_14_CIN_BUF,2025,14,BUF,CIN,0,2
2025_14_CIN_BUF,2025,14,CIN,BUF,2,2
2025_14_DAL_DET,2025,14,DAL,DET,1,3
2025_14_DAL_DET,2025,14,DET,DAL,2,3
2025_14_DEN_LV,2025,14,DEN,LV,1,4
2025_14_DEN_LV,2025,14,LV,DEN,3,4
2025_14_HOU_KC,2025,14,HOU,KC,8,12
2025_14_HOU_KC,2025,14,KC,HOU,4,12
2025_14_IND_JAX,2025,14,IND,JAX,2,5
2025_14_IND_JAX,2025,14,JAX,IND,3,5
2025_14_LA_ARI,2025,14,ARI,LA,5,8
2025_14_LA_ARI,2025,14,LA,ARI,3,8
2025_14_MIA_NYJ,2025,14,MIA,NYJ,6,12
2025_14_MIA_NYJ,2025,14,NYJ,MIA,6,12
2025_14_NO_TB,2025,14,NO,TB,3,4
2025_14_NO_TB,2025,14,TB,NO,1,4
2025_14_PHI_LAC,2025,14,LAC,PHI,5,8
2025_14_PHI_LAC,2025,14,PHI,LAC,3,8
2025_14_PIT_BAL,2025,14,BAL,PIT,2,6
2025_14_PIT_BAL,2025,14,PIT,BAL,4,6
2025_14_SEA_ATL,2025,14,ATL,SEA,2,5
2025_14_SEA_ATL,2025,14,SEA,ATL,3,5
2025_14_TEN_CLE,2025,14,CLE,TEN,7,15
2025_14_TEN_CLE,2025,14,TEN,CLE,8,15
2025_14_WAS_MIN,2025,14,MIN,WAS,1,4
2025_14_WAS_MIN,2025,14,WAS,MIN,3,4
2025_15_ARI_HOU,2025,15,ARI,HOU,3,4
2025_15_ARI_HOU,2025,15,HOU,ARI,1,4
2025_15_ATL_TB,2025,15,ATL,TB,4,8
2025_15_ATL_TB,2025,15,TB,ATL,4,8
2025_15_BAL_CIN,2025,15,BAL,CIN,3,7
2025_15_BAL_CIN,2025,15,CIN,BAL,4,7
2025_15_BUF_NE,2025,15,BUF,NE,4,7
2025_15_BUF_NE,2025,15,NE,BUF,3,7
2025_15_CAR_NO,2025,15,CAR,NO,3,5
2025_15_CAR_NO,2025,15,NO,CAR,2,5
2025_15_CLE_CHI,2025,15,CHI,CLE,4,11
2025_15_CLE_CHI,2025,15,CLE,CHI,7,11
2025_15_DET_LA,2025,15,DET,LA,3,6
2025_15_DET_LA,2025,15,LA,DET,3,6
2025_15_GB_DEN,2025,15,DEN,GB,2,3
2025_15_GB_DEN,2025,15,GB,DEN,1,3
2025_15_IND_SEA,2025,15,IND,SEA,5,9
2025_15_IND_SEA,2025,15,SEA,IND,4,9
2025_15_LAC_KC,2025,15,KC,LAC,4,8
2025_15_LAC_KC,2025,15,LAC,KC,4,8
2025_15_LV_PHI,2025,15,LV,PHI,5,6
2025_15_LV_PHI,2025,15,PHI,LV,1,6
2025_15_MIA_PIT,2025,15,MIA,PIT,4,9
2025_15_MIA_PIT,2025,15,PIT,MIA,5,9
2025_15_MIN_DAL,2025,15,DAL,MIN,1,3
2025_15_MIN_DAL,2025,15,MIN,DAL,2,3
2025_15_NYJ_JAX,2025,15,JAX,NYJ,2,4
2025_15_NYJ_JAX,2025,15,NYJ,JAX,2,4
2025_15_TEN_SF,2025,15,SF,TEN,0,3
2025_15_TEN_SF,2025,15,TEN,SF,3,3
2025_15_WAS_NYG,2025,15,NYG,WAS,4,8
2025_15_WAS_NYG,2025,15,WAS,NYG,4,8
2025_16_ATL_ARI,2025,16,ARI,ATL,1,1
2025_16_ATL_ARI,2025,16,ATL,ARI,0,1
2025_16_BUF_CLE,2025,16,BUF,CLE,3,5
2025_16_BUF_CLE,2025,16,CLE,BUF,2,5
2025_16_CIN_MIA,2025,16,CIN,MIA,4,8
2025_16_CIN_MIA,2025,16,MIA,CIN,4,8
2025_16_GB_CHI,2025,16,CHI,GB,3,3
2025_16_GB_CHI,2025,16,GB,CHI,0,3
2025_16_JAX_DEN,2025,16,DEN,JAX,3,9
2025_16_JAX_DEN,2025,16,JAX,DEN,6,9
2025_16_KC_TEN,2025,16,KC,TEN,5,8
2025_16_KC_TEN,2025,16,TEN,KC,3,8
2025_16_LAC_DAL,2025,16,DAL,LAC,1,2
2025_16_LAC_DAL,2025,16,LAC,DAL,1,2
2025_16_LA_SEA,2025,16,LA,SEA,4,9
2025_16_LA_SEA,2025,16,SEA,LA,5,9
2025_16_LV_HOU,2025,16,HOU,LV,5,12
2025_16_LV_HOU,2025,16,LV,HOU,7,12
2025_16_MIN_NYG,2025,16,MIN,NYG,1,3
2025_16_MIN_NYG,2025,16,NYG,MIN,2,3
2025_16_NE_BAL,2025,16,BAL,NE,2,3
2025_16_NE_BAL,2025,16,NE,BAL,1,3
2025_16_NYJ_NO,2025,16,NO,NYJ,1,6
2025_16_NYJ_NO,2025,16,NYJ,NO,5,6
2025_16_PHI_WAS,2025,16,PHI,WAS,2,7
2025_16_PHI_WAS,2025,16,WAS,PHI,5,7
2025_16_PIT_DET,2025,16,DET,PIT,3,6
2025_16_PIT_DET,2025,16,PIT,DET,3,6
2025_16_SF_IND,2025,16,IND,SF,2,2
2025_16_SF_IND,2025,16,SF,IND,0,2
2025_16_TB_CAR,2025,16,CAR,TB,3,6
2025_16_TB_CAR,2025,16,TB,CAR,3,6
2025_17_ARI_CIN,2025,17,ARI,CIN,6,8
2025_17_ARI_CIN,2025,17,CIN,ARI,2,8
2025_17_BAL_GB,2025,17,BAL,GB,1,1
2025_17_BAL_GB,2025,17,GB,BAL,0,1
2025_17_CHI_SF,2025,17,CHI,SF,3,5
2025_17_CHI_SF,2025,17,SF,CHI,2,5
2025_17_DAL_WAS,2025,17,DAL,WAS,1,4
2025_17_DAL_WAS,2025,17,WAS,DAL,3,4
2025_17_DEN_KC,2025,17,DEN,KC,2,5
2025_17_DEN_KC,2025,17,KC,DEN,3,5
2025_17_DET_MIN,2025,17,DET,MIN,3,10
2025_17_DET_MIN,2025,17,MIN,DET,7,10
2025_17_HOU_LAC,2025,17,HOU,LAC,5,12
2025_17_HOU_LAC,2025,17,LAC,HOU,7,12
2025_17_JAX_IND,2025,17,IND,JAX,4,6
2025_17_JAX_IND,2025,17,JAX,IND,2,6
2025_17_LA_ATL,2025,17,ATL,LA,5,7
2025_17_LA_ATL,2025,17,LA,ATL,2,7
2025_17_NE_NYJ,2025,17,NE,NYJ,2,4
2025_17_NE_NYJ,2025,17,NYJ,NE,2,4
2025_17_NO_TEN,2025,17,NO,TEN,3,6
2025_17_NO_TEN,2025,17,TEN,NO,3,6
2025_17_NYG_LV,2025,17,LV,NYG,3,5
2025_17_NYG_LV,2025,17,NYG,LV,2,5
2025_17_PHI_BUF,2025,17,BUF,PHI,6,13
2025_17_PHI_BUF,2025,17,PHI,BUF,7,13
2025_17_PIT_CLE,2025,17,CLE,PIT,4,9
2025_17_PIT_CLE,2025,17,PIT,CLE,5,9
2025_17_SEA_CAR,2025,17,CAR,SEA,3,5
2025_17_SEA_CAR,2025,17,SEA,CAR,2,5
2025_17_TB_MIA,2025,17,MIA,TB,5,8
2025_17_TB_MIA,2025,17,TB,MIA,3,8
2025_18_ARI_LA,2025,18,ARI,LA,2,4
2025_18_ARI_LA,2025,18,LA,ARI,2,4
2025_18_BAL_PIT,2025,18,BAL,PIT,4,7
2025_18_BAL_PIT,2025,18,PIT,BAL,3,7
2025_18_CAR_TB,2025,18,CAR,TB,3,6
2025_18_CAR_TB,2025,18,TB,CAR,3,6
2025_18_CLE_CIN,2025,18,CIN,CLE,5,10
2025_18_CLE_CIN,2025,18,CLE,CIN,5,10
2025_18_DAL_NYG,2025,18,DAL,NYG,2,4
2025_18_DAL_NYG,2025,18,NYG,DAL,2,4
2025_18_DET_CHI,2025,18,CHI,DET,4,6
2025_18_DET_CHI,2025,18,DET,CHI,2,6
2025_18_GB_MIN,2025,18,GB,MIN,8,12
2025_18_GB_MIN,2025,18,MIN,GB,4,12
2025_18_IND_HOU,2025,18,HOU,IND,3,5
2025_18_IND_HOU,2025,18,IND,HOU,2,5
2025_18_KC_LV,2025,18,KC,LV,6,12
2025_18_KC_LV,2025,18,LV,KC,6,12
2025_18_LAC_DEN,2025,18,DEN,LAC,6,13
2025_18_LAC_DEN,2025,18,LAC,DEN,7,13
2025_18_MIA_NE,2025,18,MIA,NE,6,9
2025_18_MIA_NE,2025,18,NE,MIA,3,9
2025_18_NO_ATL,2025,18,ATL,NO,4,9
2025_18_NO_ATL,2025,18,NO,ATL,5,9
2025_18_NYJ_BUF,2025,18,BUF,NYJ,0,5
2025_18_NYJ_BUF,2025,18,NYJ,BUF,5,5
2025_18_SEA_SF,2025,18,SEA,SF,1,5
2025_18_SEA_SF,2025,18,SF,SEA,4,5
2025_18_TEN_JAX,2025,18,JAX,TEN,3,8
2025_18_TEN_JAX,2025,18,TEN,JAX,5,8
2025_18_WAS_PHI,2025,18,PHI,WAS,3,6
2025_18_WAS_PHI,2025,18,WAS,PHI,3,6
